λ,k,T,x,pdf_asymp,pdf_arb
0.0,1.0001,0.001,0.05,0.025216627234460345,0.025216627234460345
0.0,1.0001,0.001,0.5,0.025219313162871224,0.025219313162871224
0.0,1.0001,0.001,1.0,0.025211605168186883,0.025211605168186883
0.0,1.0001,0.001,2.0,0.02517556108575579,0.02517556108575579
0.0,1.0001,0.001,5.0,0.02491488347566747,0.02491488347566747
0.0,1.0001,0.01,0.05,0.07975026093571799,0.07975026093571799
0.0,1.0001,0.01,0.5,0.07966997360516247,0.07966997360516247
0.0,1.0001,0.01,1.0,0.07937727250665962,0.07937727250665962
0.0,1.0001,0.01,2.0,0.07820091916624504,0.07820091916624504
0.0,1.0001,0.01,5.0,0.07041265676505744,0.07041265676505744
0.0,1.0001,0.05,0.05,0.17833243872027682,0.17833243872027682
0.0,1.0001,0.05,0.5,0.17727322743839555,0.17727322743839555
0.0,1.0001,0.05,1.0,0.17399238169968326,0.17399238169968326
0.0,1.0001,0.05,2.0,0.16143148798295506,0.16143148798295506
0.0,1.0001,0.05,5.0,0.09550441327399783,0.09550441327399783
0.0,1.0001,0.25,0.05,0.398695859688999,0.398695859688999
0.0,1.0001,0.25,0.5,0.38663907236616796,0.38663907236616796
0.0,1.0001,0.25,1.0,0.3520632838252872,0.3520632838252872
0.0,1.0001,0.25,2.0,0.24198609304557456,0.24198609304557456
0.0,1.0001,0.25,5.0,0.01753102006341765,0.01753102006341765
0.0,1.0001,1.0,0.05,0.7966997360516246,0.7966997360516246
0.0,1.0001,1.0,0.5,0.7041265676505744,0.7041265676505744
0.0,1.0001,1.0,1.0,0.4839721860911491,0.4839721860911491
0.0,1.0001,1.0,2.0,0.1079962768619559,0.1079962768619559
0.0,1.0001,1.0,5.0,2.9741065099088327e-6,2.9741065099088327e-6
0.0,1.5,0.001,0.05,0.0012202762611511777,0.0012202762611511777
0.0,1.5,0.001,0.5,0.0038583748564387657,0.0038583748564387657
0.0,1.5,0.001,1.0,0.0054545202220428815,0.0054545202220428815
0.0,1.5,0.001,2.0,0.007702294363291088,0.007702294363291088
0.0,1.5,0.001,5.0,0.012051192523807014,0.012051192523807014
0.0,1.5,0.01,0.05,0.006862040499550918,0.006862040499550918
0.0,1.5,0.01,0.5,0.021672840632808096,0.021672840632808096
0.0,1.5,0.01,1.0,0.030535302802581907,0.030535302802581907
0.0,1.5,0.01,2.0,0.04254052170132203,0.04254052170132203
0.0,1.5,0.01,5.0,0.06055805183355419,0.06055805183355419
0.0,1.5,0.05,0.05,0.02294346808006738,0.02294346808006738
0.0,1.5,0.05,0.5,0.07210607705710904,0.07210607705710904
0.0,1.5,0.05,1.0,0.10007920450393878,0.10007920450393878
0.0,1.5,0.05,2.0,0.13130666055792986,0.13130666055792986
0.0,1.5,0.05,5.0,0.12281521070796803,0.12281521070796803
0.0,1.5,0.25,0.05,0.07669693257528264,0.07669693257528264
0.0,1.5,0.25,0.5,0.23514838997576068,0.23514838997576068
0.0,1.5,0.25,1.0,0.30279025916777097,0.30279025916777097
0.0,1.5,0.25,2.0,0.29430420466219115,0.29430420466219115
0.0,1.5,0.25,5.0,0.03370881271499823,0.03370881271499823
0.0,1.5,1.0,0.05,0.2167284063280809,0.2167284063280809
0.0,1.5,1.0,0.5,0.6055805183355419,0.6055805183355419
0.0,1.5,1.0,1.0,0.5886084093243822,0.5886084093243822
0.0,1.5,1.0,2.0,0.18573756062256327,0.18573756062256327
0.0,1.5,1.0,5.0,8.086818236821863e-6,8.086818236821863e-6
0.0,2.4,0.001,0.05,3.5927662325454626e-6,3.5927662325454626e-6
0.0,2.4,0.001,0.5,9.02350402339774e-5,9.02350402339774e-5
0.0,2.4,0.001,1.0,0.0002380424161897662,0.0002380424161897662
0.0,2.4,0.001,2.0,0.0006272561123391813,0.0006272561123391813
0.0,2.4,0.001,5.0,0.0022387253763701052,0.0022387253763701052
0.0,2.4,0.01,0.05,5.6940866852299265e-5,5.6940866852299265e-5
0.0,2.4,0.01,0.5,0.0014285210194109697,0.0014285210194109697
0.0,2.4,0.01,1.0,0.003755778959675926,0.003755778959675926
0.0,2.4,0.01,2.0,0.009763996191464315,0.009763996191464315
0.0,2.4,0.01,5.0,0.03170609035190713,0.03170609035190713
0.0,2.4,0.05,0.05,0.00039279537446742905,0.00039279537446742905
0.0,2.4,0.05,0.5,0.009805712772696198,0.009805712772696198
0.0,2.4,0.05,1.0,0.025396749784806775,0.025396749784806775
0.0,2.4,0.05,2.0,0.0621796177659154,0.0621796177659154
0.0,2.4,0.05,5.0,0.1326659456783707,0.1326659456783707
0.0,2.4,0.25,0.05,0.0027090797905739428,0.0027090797905739428
0.0,2.4,0.25,0.5,0.0659759740855967,0.0659759740855967
0.0,2.4,0.25,1.0,0.15853045175953565,0.15853045175953565
0.0,2.4,0.25,2.0,0.28753734639733064,0.28753734639733064
0.0,2.4,0.25,5.0,0.07512547960568847,0.07512547960568847
0.0,2.4,1.0,0.05,0.014285210194109697,0.014285210194109697
0.0,2.4,1.0,0.5,0.31706090351907124,0.31706090351907124
0.0,2.4,1.0,1.0,0.5750746927946612,0.5750746927946612
0.0,2.4,1.0,2.0,0.338629295570747,0.338629295570747
0.0,2.4,1.0,5.0,3.3631673588521885e-5,3.3631673588521885e-5
0.0,3.0,0.001,0.05,6.3078234202662e-8,6.3078234202662e-8
0.0,3.0,0.001,0.5,6.307042875415149e-6,6.307042875415149e-6
0.0,3.0,0.001,1.0,2.521871271098157e-5,2.521871271098157e-5
0.0,3.0,0.001,2.0,0.00010072365199514676,0.00010072365199514676
0.0,3.0,0.001,5.0,0.0006229474166128125,0.0006229474166128125
0.0,3.0,0.01,0.05,1.994686468270475e-6,1.994686468270475e-6
0.0,3.0,0.01,0.5,0.000199221957047382,0.000199221957047382
0.0,3.0,0.01,1.0,0.0007939050949540236,0.0007939050949540236
0.0,3.0,0.01,2.0,0.0031283415518036472,0.0031283415518036472
0.0,3.0,0.01,5.0,0.017603266338214976,0.017603266338214976
0.0,3.0,0.05,0.05,2.230015764850071e-5,2.230015764850071e-5
0.0,3.0,0.05,0.5,0.002216260142647567,0.002216260142647567
0.0,3.0,0.05,1.0,0.00870036967386293,0.00870036967386293
0.0,3.0,0.05,2.0,0.03228684517430724,0.03228684517430724
0.0,3.0,0.05,5.0,0.11937160288338915,0.11937160288338915
0.0,3.0,0.25,0.05,0.00024926101901023867,0.00024926101901023867
0.0,3.0,0.25,0.5,0.024166757300178077,0.024166757300178077
0.0,3.0,0.25,1.0,0.08801633169107488,0.08801633169107488
0.0,3.0,0.25,2.0,0.24197072451914337,0.24197072451914337
0.0,3.0,0.25,5.0,0.10955187808480338,0.10955187808480338
0.0,3.0,1.0,0.05,0.0019922195704738205,0.0019922195704738205
0.0,3.0,1.0,0.5,0.17603266338214976,0.17603266338214976
0.0,3.0,1.0,1.0,0.48394144903828673,0.48394144903828673
0.0,3.0,1.0,2.0,0.4319277321055045,0.4319277321055045
0.0,3.0,1.0,5.0,7.433597573671488e-5,7.433597573671488e-5
0.0,10.0,0.001,0.05,5.086256663008534e-30,5.086256663008534e-30
0.0,10.0,0.001,0.5,5.085627277690504e-21,5.085627277690504e-21
0.0,10.0,0.001,1.0,2.60286490879992e-18,2.60286490879992e-18
0.0,10.0,0.001,2.0,1.3306693315564442e-15,1.3306693315564442e-15
0.0,10.0,0.001,5.0,5.023080446847949e-12,5.023080446847949e-12
0.0,10.0,0.01,0.05,5.086199442942938e-25,5.086199442942938e-25
0.0,10.0,0.01,0.5,5.07990916404511e-16,5.07990916404511e-16
0.0,10.0,0.01,1.0,2.591178331230944e-13,2.591178331230944e-13
0.0,10.0,0.01,2.0,1.306931564409007e-10,1.306931564409007e-10
0.0,10.0,0.01,5.0,4.4886113616159843e-7,4.4886113616159843e-7
0.0,10.0,0.05,0.05,1.5893578560401358e-21,1.5893578560401358e-21
0.0,10.0,0.05,0.5,1.5795540660594222e-12,1.5795540660594222e-12
0.0,10.0,0.05,1.0,7.937092383043072e-10,7.937092383043072e-10
0.0,10.0,0.05,2.0,3.7701559084831653e-7,3.7701559084831653e-7
0.0,10.0,0.05,5.0,0.0008507751282358017,0.0008507751282358017
0.0,10.0,0.25,0.05,4.965501769498187e-18,4.965501769498187e-18
0.0,10.0,0.25,0.5,4.814233553788782e-9,4.814233553788782e-9
0.0,10.0,0.25,1.0,2.244305680807992e-6,2.244305680807992e-6
0.0,10.0,0.25,2.0,0.0007897534631674914,0.0007897534631674914
0.0,10.0,0.25,5.0,0.21823711009525965,0.21823711009525965
0.0,10.0,1.0,0.05,5.079909164045112e-15,5.079909164045112e-15
0.0,10.0,1.0,0.5,4.488611361615984e-6,4.488611361615984e-6
0.0,10.0,1.0,1.0,0.0015795069263349827,0.0015795069263349827
0.0,10.0,1.0,2.0,0.18044704431548358,0.18044704431548358
0.0,10.0,1.0,5.0,0.018954738220614983,0.018954738220614983
0.5,1.0001,0.001,0.35,0.025216869474762506,0.025216869474762534
0.5,1.0001,0.001,0.45,0.02521649479122417,0.025216494791224165
0.5,1.0001,0.001,0.5,0.025216161733669782,0.025216161733669785
0.5,1.0001,0.001,0.55,0.025215740314101124,0.025215740314101148
0.5,1.0001,0.001,0.65,0.025214649010738045,0.02521464901073806
0.5,1.0001,0.01,0.35,0.07961847275333613,0.07961847275333617
0.5,1.0001,0.01,0.45,0.07958871146548789,0.07958871146548785
0.5,1.0001,0.01,0.5,0.07957069698731407,0.07957069698731407
0.5,1.0001,0.01,0.55,0.07955062281461885,0.07955062281461887
0.5,1.0001,0.01,0.65,0.07950435414096109,0.07950435414096113
0.5,1.0001,0.05,0.35,0.17673161981574018,0.17673161981574018
0.5,1.0001,0.05,0.45,0.1763873515444722,0.17638735154447238
0.5,1.0001,0.05,0.5,0.17618248691725943,0.17618248691725955
0.5,1.0001,0.05,0.55,0.1759559623907789,0.17595596239077893
0.5,1.0001,0.05,0.65,0.17543839381184076,0.17543839381184076
0.5,1.0001,0.25,0.35,0.381114590091281,0.38111459009128107
0.5,1.0001,0.25,0.45,0.37756760243334914,0.37756760243334914
0.5,1.0001,0.25,0.5,0.3754755245330332,0.3754755245330334
0.5,1.0001,0.25,0.55,0.3731758832454008,0.3731758832454008
0.5,1.0001,0.25,0.65,0.3679702864083421,0.36797028640834223
0.5,1.0001,1.0,0.35,0.6724353129126843,0.6724353129126845
0.5,1.0001,1.0,0.45,0.6524906899442493,0.6524906899442492
0.5,1.0001,1.0,0.5,0.6409073307133459,0.6409073307133463
0.5,1.0001,1.0,0.55,0.6283260895224843,0.6283260895224845
0.5,1.0001,1.0,0.65,0.6004248226761202,0.6004248226761205
0.5,1.5,0.001,0.35,0.0032279503247080346,0.003227950324708037
0.5,1.5,0.001,0.45,0.003660005251397621,0.0036600052513976232
0.5,1.5,0.001,0.5,0.0038578926700967666,0.0038578926700967705
0.5,1.5,0.001,0.55,0.004046085774244761,0.004046085774244765
0.5,1.5,0.001,0.65,0.004398295109032155,0.004398295109032157
0.5,1.5,0.01,0.35,0.01812171497912797,0.01812171497912798
0.5,1.5,0.01,0.45,0.020539889455858818,0.02053988945585884
0.5,1.5,0.01,0.5,0.02164581160223807,0.021645811602238094
0.5,1.5,0.01,0.55,0.022696370087327753,0.022696370087327764
0.5,1.5,0.01,0.65,0.02465878054992633,0.02465878054992634
0.5,1.5,0.05,0.35,0.06014533455612199,0.060145334556122046
0.5,1.5,0.05,0.45,0.0680632729027249,0.06806327290272497
0.5,1.5,0.05,0.5,0.07166055163556179,0.07166055163556184
0.5,1.5,0.05,0.55,0.0750604611054497,0.07506046110544976
0.5,1.5,0.05,0.65,0.08135692679458004,0.0813569267945801
0.5,1.5,0.25,0.35,0.1938732692212895,0.1938732692212896
0.5,1.5,0.25,0.45,0.21773492304448996,0.21773492304449016
0.5,1.5,0.25,0.5,0.2282104799550121,0.22821047995501226
0.5,1.5,0.25,0.55,0.23784855881189731,0.23784855881189754
0.5,1.5,0.25,0.65,0.25487813592628256,0.2548781359262827
0.5,1.5,1.0,0.35,0.481438629401112,0.4814386294011123
0.5,1.5,1.0,0.45,0.5279763929920124,0.5279763929920127
0.5,1.5,1.0,0.5,0.545606541522901,0.5456065415229014
0.5,1.5,1.0,0.55,0.5598235159604821,0.5598235159604823
0.5,1.5,1.0,0.65,0.5788131702085005,0.5788131702085006
0.5,2.4,0.001,0.35,5.476282890560751e-5,5.4762828905607546e-5
0.5,2.4,0.001,0.45,7.785217707758846e-5,7.785217707758849e-5
0.5,2.4,0.001,0.5,9.022376273366856e-5,9.022376273366862e-5
0.5,2.4,0.001,0.55,0.00010310014957258422,0.00010310014957258427
0.5,2.4,0.001,0.65,0.00013025793063242257,0.00013025793063242257
0.5,2.4,0.01,0.35,0.0008664792417133584,0.0008664792417133586
0.5,2.4,0.01,0.45,0.0012313652210452252,0.0012313652210452259
0.5,2.4,0.01,0.5,0.0014267383414343405,0.0014267383414343405
0.5,2.4,0.01,0.55,0.0016299722402467029,0.0016299722402467035
0.5,2.4,0.01,0.65,0.0020582154638461134,0.0020582154638461134
0.5,2.4,0.05,0.35,0.005933259239181374,0.005933259239181378
0.5,2.4,0.05,0.45,0.008418437971184755,0.008418437971184755
0.5,2.4,0.05,0.5,0.009744935397761029,0.009744935397761032
0.5,2.4,0.05,0.55,0.011121456842073166,0.011121456842073173
0.5,2.4,0.05,0.65,0.01400994779972474,0.014009947799724738
0.5,2.4,0.25,0.35,0.03944991734552438,0.0394499173455244
0.5,2.4,0.25,0.45,0.05554161201116681,0.05554161201116684
0.5,2.4,0.25,0.5,0.0639981577867427,0.06399815778674274
0.5,2.4,0.25,0.55,0.07266769160745928,0.07266769160745931
0.5,2.4,0.25,0.65,0.09048309275591976,0.09048309275591979
0.5,2.4,1.0,0.35,0.18215717983300128,0.18215717983300142
0.5,2.4,1.0,0.45,0.24985003119877447,0.24985003119877458
0.5,2.4,1.0,0.5,0.28346152193566043,0.2834615219356606
0.5,2.4,1.0,0.55,0.31639052606581314,0.3163905260658132
0.5,2.4,1.0,0.65,0.37881577493731433,0.3788157749373144
0.5,3.0,0.001,0.35,3.090261740399233e-6,3.090261740399226e-6
0.5,3.0,0.001,0.45,5.108187542018006e-6,5.1081875420180015e-6
0.5,3.0,0.001,0.5,6.306254610017599e-6,6.306254610017592e-6
0.5,3.0,0.001,0.55,7.630367795029622e-6,7.630367795029612e-6
0.5,3.0,0.001,0.65,1.065665119172686e-5,1.0656651191726845e-5
0.5,3.0,0.01,0.35,9.755903556650419e-5,9.755903556650409e-5
0.5,3.0,0.01,0.45,0.00016120661700557166,0.00016120661700557153
0.5,3.0,0.01,0.5,0.00019897329244209148,0.00019897329244209126
0.5,3.0,0.01,0.55,0.00024069454590894948,0.00024069454590894927
0.5,3.0,0.01,0.65,0.0003359752023025092,0.0003359752023025087
0.5,3.0,0.05,0.35,0.0010826605969965083,0.0010826605969965072
0.5,3.0,0.05,0.45,0.0017861433050617155,0.0017861433050617133
0.5,3.0,0.05,0.5,0.0022025090690092597,0.002202509069009257
0.5,3.0,0.05,0.55,0.0026615549634238555,0.0026615549634238524
0.5,3.0,0.05,0.65,0.003706289323843213,0.00370628932384321
0.5,3.0,0.25,0.35,0.011665486676896744,0.011665486676896732
0.5,3.0,0.25,0.45,0.01909586425328937,0.019095864253289352
0.5,3.0,0.25,0.5,0.023438476818566624,0.0234384768185666
0.5,3.0,0.25,0.55,0.028178901368218583,0.028178901368218566
0.5,3.0,0.25,0.65,0.03878346790382076,0.03878346790382071
0.5,3.0,1.0,0.35,0.08154611134382479,0.0815461113438247
0.5,3.0,1.0,0.45,0.12994637186301772,0.12994637186301752
0.5,3.0,1.0,0.5,0.15697155588228953,0.15697155588228934
0.5,3.0,1.0,0.55,0.18541795075158432,0.1854179507515841
0.5,3.0,1.0,0.65,0.2451059808442886,0.24510598084428842
0.5,10.0,0.001,0.35,2.052108352780517e-22,2.052108352780514e-22
0.5,10.0,0.001,0.45,1.9700767314142658e-21,1.970076731414277e-21
0.5,10.0,0.001,0.5,5.084991629901176e-21,5.0849916299011994e-21
0.5,10.0,0.001,0.55,1.1989829543191952e-20,1.1989829543191984e-20
0.5,10.0,0.001,0.65,5.391913994089117e-20,5.391913994089111e-20
0.5,10.0,0.01,0.35,2.048671698131203e-17,2.0486716981312036e-17
0.5,10.0,0.01,0.45,1.9660697368622832e-16,1.9660697368622852e-16
0.5,10.0,0.01,0.5,5.073564830104707e-16,5.073564830104709e-16
0.5,10.0,0.01,0.55,1.1960061333171735e-15,1.1960061333171721e-15
0.5,10.0,0.01,0.65,5.375624190171744e-15,5.3756241901717425e-15
0.5,10.0,0.05,0.35,6.354603997674384e-14,6.35460399767437e-14
0.5,10.0,0.05,0.45,6.088652852260292e-13,6.088652852260298e-13
0.5,10.0,0.05,0.5,1.5697249030599044e-12,1.5697249030599013e-12
0.5,10.0,0.05,0.55,3.696480467275477e-12,3.696480467275482e-12
0.5,10.0,0.05,0.65,1.6574604156885985e-11,1.6574604156885998e-11
0.5,10.0,0.25,0.35,1.9133787410290973e-10,1.9133787410290988e-10
0.5,10.0,0.25,0.45,1.8188017658191171e-9,1.8188017658191142e-9
0.5,10.0,0.25,0.5,4.667026583649556e-9,4.667026583649563e-9
0.5,10.0,0.25,0.55,1.0933071687667381e-8,1.0933071687667423e-8
0.5,10.0,0.25,0.65,4.844227112817598e-8,4.844227112817585e-8
0.5,10.0,1.0,0.35,1.706313222160544e-7,1.7063132221605438e-7
0.5,10.0,1.0,0.45,1.575510671721851e-6,1.5755106717218485e-6
0.5,10.0,1.0,0.5,3.973580458709732e-6,3.973580458709728e-6
0.5,10.0,1.0,0.55,9.132733596432348e-6,9.132733596432346e-6
0.5,10.0,1.0,0.65,3.873914891481732e-5,3.873914891481728e-5
3.0,1.0001,0.001,2.0999999999999996,0.02505800776427463,0.02505800776427464
3.0,1.0001,0.001,2.7,0.025022903302992793,0.025022903302992807
3.0,1.0001,0.001,3.0,0.025001973648425983,0.025001973648425994
3.0,1.0001,0.001,3.3000000000000003,0.024978808430103024,0.02497880843010304
3.0,1.0001,0.001,3.9000000000000004,0.024925813302533247,0.024925813302533253
3.0,1.0001,0.01,2.0999999999999996,0.07475523707788712,0.07475523707788712
3.0,1.0001,0.01,2.7,0.07378371208849718,0.07378371208849722
3.0,1.0001,0.01,3.0,0.07321249393902064,0.07321249393902066
3.0,1.0001,0.01,3.3000000000000003,0.07258610459922502,0.07258610459922502
3.0,1.0001,0.01,3.9000000000000004,0.07117391897255497,0.07117391897255496
3.0,1.0001,0.05,2.0999999999999996,0.13397377089366788,0.1339737708936679
3.0,1.0001,0.05,2.7,0.12860131565499486,0.12860131565499489
3.0,1.0001,0.05,3.0,0.12547652424998704,0.12547652424998706
3.0,1.0001,0.05,3.3000000000000003,0.12208084463202634,0.12208084463202634
3.0,1.0001,0.05,3.9000000000000004,0.11455356485134442,0.11455356485134446
3.0,1.0001,0.25,2.0999999999999996,0.18798894958079332,0.18798894958079335
3.0,1.0001,0.25,2.7,0.20067844880057922,0.20067844880057922
3.0,1.0001,0.25,3.0,0.20169013851910256,0.2016901385191025
3.0,1.0001,0.25,3.3000000000000003,0.19864043471063877,0.19864043471063814
3.0,1.0001,0.25,3.9000000000000004,0.18078697543649905,0.18078697543650002
3.0,1.0001,1.0,2.0999999999999996,0.2660825598505555,0.26608255985055346
3.0,1.0001,1.0,2.7,0.38138710242389107,0.38138710242388385
3.0,1.0001,1.0,3.0,0.3989434645048528,0.3989434645048406
3.0,1.0001,1.0,3.3000000000000003,0.38139065149450135,0.3813906514944929
3.0,1.0001,1.0,3.9000000000000004,0.26608933573917826,0.26608933573917604
3.0,1.5,0.001,2.0999999999999996,0.007855560034815006,0.007855560034815011
3.0,1.5,0.001,2.7,0.008894627295788653,0.008894627295788656
3.0,1.5,0.001,3.0,0.009367795604503779,0.009367795604503786
3.0,1.5,0.001,3.3000000000000003,0.009815802307523876,0.009815802307523885
3.0,1.5,0.001,3.9000000000000004,0.010648015847795875,0.010648015847795882
3.0,1.5,0.01,2.0999999999999996,0.04164264056124257,0.041642640561242596
3.0,1.5,0.01,2.7,0.04658343494205989,0.04658343494205991
3.0,1.5,0.01,3.0,0.04871015585182882,0.048710155851828855
3.0,1.5,0.01,3.3000000000000003,0.05063579173313752,0.050635791733137564
3.0,1.5,0.01,3.9000000000000004,0.05394035095286982,0.053940350952869844
3.0,1.5,0.05,2.0999999999999996,0.10988649318107574,0.10988649318107581
3.0,1.5,0.05,2.7,0.11841325603250104,0.11841325603250114
3.0,1.5,0.05,3.0,0.12108676317746235,0.1210867631774624
3.0,1.5,0.05,3.3000000000000003,0.12279476780185829,0.12279476780185838
3.0,1.5,0.05,3.9000000000000004,0.12356292801768072,0.12356292801768082
3.0,1.5,0.25,2.0999999999999996,0.18462214869925478,0.18462214869925495
3.0,1.5,0.25,2.7,0.20754393835573728,0.20754393835573715
3.0,1.5,0.25,3.0,0.2129424097051797,0.2129424097051806
3.0,1.5,0.25,3.3000000000000003,0.21366519910950058,0.21366519910950024
3.0,1.5,0.25,3.9000000000000004,0.20101437344066947,0.20101437344067113
3.0,1.5,1.0,2.0999999999999996,0.24739407899785232,0.24739407899785187
3.0,1.5,1.0,2.7,0.3761095021589905,0.3761095021589914
3.0,1.5,1.0,3.0,0.40338586868705123,0.40338586868705145
3.0,1.5,1.0,3.3000000000000003,0.3945129977523615,0.39451299775236126
3.0,1.5,1.0,3.9000000000000004,0.28651707633748835,0.2865170763374969
3.0,2.4,0.001,2.0999999999999996,0.0006684518910500603,0.0006684518910500605
3.0,2.4,0.001,2.7,0.0009489632074034423,0.0009489632074034426
3.0,2.4,0.001,3.0,0.0010988538446361305,0.0010988538446361305
3.0,2.4,0.001,3.3000000000000003,0.0012545293378131007,0.0012545293378131016
3.0,2.4,0.001,3.9000000000000004,0.0015816748085637124,0.001581674808563713
3.0,2.4,0.01,2.0999999999999996,0.009982012386906627,0.009982012386906627
3.0,2.4,0.01,2.7,0.013995902980260311,0.013995902980260313
3.0,2.4,0.01,3.0,0.01608745486112754,0.01608745486112754
3.0,2.4,0.01,3.3000000000000003,0.01821741662296728,0.018217416622967286
3.0,2.4,0.01,3.9000000000000004,0.022543863781948222,0.02254386378194824
3.0,2.4,0.05,2.0999999999999996,0.053713215545281724,0.05371321554528175
3.0,2.4,0.05,2.7,0.0720120804165455,0.07201208041654554
3.0,2.4,0.05,3.0,0.08059756027182015,0.08059756027182016
3.0,2.4,0.05,3.3000000000000003,0.08861752199692245,0.08861752199692252
3.0,2.4,0.05,3.9000000000000004,0.10250516036228154,0.10250516036228156
3.0,2.4,0.25,2.0999999999999996,0.15140853149525035,0.1514085314952504
3.0,2.4,0.25,2.7,0.19552052005895146,0.19552052005895146
3.0,2.4,0.25,3.0,0.21165993929474608,0.2116599392947451
3.0,2.4,0.25,3.3000000000000003,0.2225408266979808,0.22254082669797953
3.0,2.4,0.25,3.9000000000000004,0.22655120104568974,0.22655120104568885
3.0,2.4,1.0,2.0999999999999996,0.21112196061282468,0.21112196061282332
3.0,2.4,1.0,2.7,0.359227901696789,0.3592279016967902
3.0,2.4,1.0,3.0,0.40392256996236997,0.40392256996236986
3.0,2.4,1.0,3.3000000000000003,0.41229655788369807,0.4122965578836995
3.0,2.4,1.0,3.9000000000000004,0.3227471052550789,0.3227471052550845
3.0,3.0,0.001,2.0999999999999996,0.00011052730464535347,0.00011052730464535334
3.0,3.0,0.001,2.7,0.00018244627896299553,0.0001824462789629954
3.0,3.0,0.001,3.0,0.00022505039708018394,0.0002250503970801837
3.0,3.0,0.001,3.3000000000000003,0.00027205453941136994,0.00027205453941136956
3.0,3.0,0.001,3.9000000000000004,0.0003791595937032053,0.0003791595937032049
3.0,3.0,0.01,2.0999999999999996,0.0032926567092273784,0.003292656709227375
3.0,3.0,0.01,2.7,0.005367463520211684,0.005367463520211676
3.0,3.0,0.01,3.0,0.00657176775096331,0.006571767750963305
3.0,3.0,0.01,3.3000000000000003,0.007879280172009985,0.007879280172009975
3.0,3.0,0.01,3.9000000000000004,0.010776762691641848,0.010776762691641836
3.0,3.0,0.05,2.0999999999999996,0.028601905736119426,0.028601905736119385
3.0,3.0,0.05,2.7,0.044469725506417514,0.044469725506417465
3.0,3.0,0.05,3.0,0.05293766906567717,0.052937669065677095
3.0,3.0,0.05,3.3000000000000003,0.06152659424539126,0.06152659424539116
3.0,3.0,0.05,3.9000000000000004,0.07837219835805233,0.07837219835805222
3.0,3.0,0.25,2.0999999999999996,0.12077716536453853,0.12077716536453843
3.0,3.0,0.25,2.7,0.17442295389777396,0.17442295389777374
3.0,3.0,0.25,3.0,0.19725521599474757,0.19725521599474732
3.0,3.0,0.25,3.3000000000000003,0.21542678987115563,0.2154267898711552
3.0,3.0,0.25,3.9000000000000004,0.23366764275789006,0.23366764275789126
3.0,3.0,1.0,2.0999999999999996,0.18625904685866723,0.18625904685866693
3.0,3.0,1.0,2.7,0.3432490022888777,0.34324900228887584
3.0,3.0,1.0,3.0,0.3989422743255519,0.39894227432554985
3.0,3.0,1.0,3.3000000000000003,0.41952659595041986,0.4195265959504188
3.0,3.0,1.0,3.9000000000000004,0.3459108248445857,0.34591082484458685
3.0,10.0,0.001,2.0999999999999996,2.0546192160986146e-15,2.054619216098614e-15
3.0,10.0,0.001,2.7,1.9697302255155038e-14,1.9697302255154993e-14
3.0,10.0,0.001,3.0,5.079876764959236e-14,5.079876764959239e-14
3.0,10.0,0.001,3.3000000000000003,1.1966779923828737e-13,1.1966779923828725e-13
3.0,10.0,0.001,3.9000000000000004,5.370269449838774e-13,5.370269449838779e-13
3.0,10.0,0.01,2.0999999999999996,1.9346801133066276e-10,1.9346801133066305e-10
3.0,10.0,0.01,2.7,1.8310990357022337e-9,1.8310990357022356e-9
3.0,10.0,0.01,3.0,4.686508921038291e-9,4.6865089210382865e-9
3.0,10.0,0.01,3.3000000000000003,1.0947538107943513e-8,1.0947538107943515e-8
3.0,10.0,0.01,3.9000000000000004,4.819213066926604e-8,4.8192130669266104e-8
3.0,10.0,0.05,2.0999999999999996,4.6456766477296207e-7,4.645676647729621e-7
3.0,10.0,0.05,2.7,4.163758901566223e-6,4.163758901566217e-6
3.0,10.0,0.05,3.0,1.0317419796623607e-5,1.0317419796623605e-5
3.0,10.0,0.05,3.3000000000000003,2.3254475896886116e-5,2.3254475896886078e-5
3.0,10.0,0.05,3.9000000000000004,9.433313867443253e-5,9.433313867443258e-5
3.0,10.0,0.25,2.0999999999999996,0.00042724643566219864,0.000427246435662199
3.0,10.0,0.25,2.7,0.0030966328648853883,0.003096632864885387
3.0,10.0,0.25,3.0,0.006761060924476897,0.006761060924476895
3.0,10.0,0.25,3.3000000000000003,0.013244492885544343,0.013244492885544348
3.0,10.0,0.25,3.9000000000000004,0.03893285495743081,0.03893285495743081
3.0,10.0,1.0,2.0999999999999996,0.014450893238045548,0.014450893238045553
3.0,10.0,1.0,2.7,0.08609817838263649,0.08609817838263648
3.0,10.0,1.0,3.0,0.1604451107421727,0.16044511074217271
3.0,10.0,1.0,3.3000000000000003,0.25631416990397365,0.25631416990397365
3.0,10.0,1.0,3.9000000000000004,0.4318219768390844,0.4318219768390844
10.0,1.0001,0.001,7.0,0.023475251987745832,0.023475251987745825
10.0,1.0001,0.001,9.0,0.023140128481537455,0.023140128481537466
10.0,1.0001,0.001,10.0,0.022943297831571847,0.022943297831571854
10.0,1.0001,0.001,11.0,0.022727631634734312,0.022727631634734312
10.0,1.0001,0.001,13.0,0.02224208850280422,0.022242088502804222
10.0,1.0001,0.01,7.0,0.047544033700172156,0.047544033700172184
10.0,1.0001,0.01,9.0,0.04625785824316202,0.04625785824316204
10.0,1.0001,0.01,10.0,0.04529456444171324,0.04529456444171325
10.0,1.0001,0.01,11.0,0.044095011260470024,0.044095011260470045
10.0,1.0001,0.01,13.0,0.040973054107261715,0.040973054107261736
10.0,1.0001,0.05,7.0,0.07129690790084052,0.07129690790084099
10.0,1.0001,0.05,9.0,0.08701453256234074,0.08701453256234112
10.0,1.0001,0.05,10.0,0.0892107603917276,0.08921076039172596
10.0,1.0001,0.05,11.0,0.08700600556930745,0.08700600556930689
10.0,1.0001,0.05,13.0,0.07123399706069476,0.07123399706069418
10.0,1.0001,0.25,7.0,0.06475773826632701,0.06475773826632886
10.0,1.0001,0.25,9.0,0.17603193617471855,0.17603193617471852
10.0,1.0001,0.25,10.0,0.19947134382120812,0.19947134382120807
10.0,1.0001,0.25,11.0,0.1760336653134528,0.1760336653134528
10.0,1.0001,0.25,13.0,0.06475969796196755,0.06475969796196757
10.0,1.0001,1.0,7.0,0.004431770970344527,0.004431770970344526
10.0,1.0001,1.0,9.0,0.24196951740248085,0.24196951740248082
10.0,1.0001,1.0,10.0,0.3989423806357444,0.3989423806357444
10.0,1.0001,1.0,11.0,0.24197193287868166,0.24197193287868157
10.0,1.0001,1.0,13.0,0.0044319074058023575,0.004431907405802356
10.0,1.5,0.001,7.0,0.013423841060394471,0.01342384106039448
10.0,1.5,0.001,9.0,0.014995570717363287,0.014995570717363297
10.0,1.5,0.001,10.0,0.015667168959968284,0.015667168959968295
10.0,1.5,0.001,11.0,0.016271595727392864,0.01627159572739288
10.0,1.5,0.001,13.0,0.01729718260815558,0.017297182608155593
10.0,1.5,0.01,7.0,0.04506487929378068,0.045064879293780724
10.0,1.5,0.01,9.0,0.0478963949383101,0.04789639493831015
10.0,1.5,0.01,10.0,0.048477419866905666,0.048477419866905694
10.0,1.5,0.01,11.0,0.04852722444052204,0.04852722444052209
10.0,1.5,0.01,13.0,0.04713193914763601,0.04713193914763605
10.0,1.5,0.05,7.0,0.06737289154710638,0.06737289154710706
10.0,1.5,0.05,9.0,0.08681289194081869,0.08681289194081881
10.0,1.5,0.05,10.0,0.09112444098983744,0.09112444098983627
10.0,1.5,0.05,11.0,0.09081481730267026,0.09081481730267198
10.0,1.5,0.05,13.0,0.07727095473017265,0.0772709547301725
10.0,1.5,0.25,7.0,0.05956218895884547,0.059562188958847004
10.0,1.5,0.25,9.0,0.17218909473183253,0.17218909473183241
10.0,1.5,0.25,10.0,0.20023623964516218,0.20023623964516218
10.0,1.5,0.25,11.0,0.1809047501161049,0.18090475011610493
10.0,1.5,0.25,13.0,0.06935173088482273,0.06935173088482272
10.0,1.5,1.0,7.0,0.00405924504157638,0.004059245041576379
10.0,1.5,1.0,9.0,0.23592740176044255,0.23592740176044252
10.0,1.5,1.0,10.0,0.3993183555684287,0.39931835556842865
10.0,1.5,1.0,11.0,0.24801778920584389,0.248017789205844
10.0,1.5,1.0,13.0,0.004735710469208442,0.004735710469208442
10.0,2.4,0.001,7.0,0.0033736269211489304,0.003373626921148932
10.0,2.4,0.001,9.0,0.004723239314388228,0.004723239314388228
10.0,2.4,0.001,10.0,0.005424333724092376,0.005424333724092378
10.0,2.4,0.001,11.0,0.006136572555816406,0.006136572555816408
10.0,2.4,0.001,13.0,0.0075771771198827765,0.00757717711988278
10.0,2.4,0.01,7.0,0.03018607802973728,0.030186078029737287
10.0,2.4,0.01,9.0,0.03894338231297016,0.03894338231297017
10.0,2.4,0.01,10.0,0.042570511879046334,0.04257051187904635
10.0,2.4,0.01,11.0,0.045574231397656345,0.045574231397656366
10.0,2.4,0.01,13.0,0.04948495838109489,0.04948495838109492
10.0,2.4,0.05,7.0,0.05754593029876257,0.05754593029876231
10.0,2.4,0.05,9.0,0.08302017245244163,0.08302017245244177
10.0,2.4,0.05,10.0,0.09135225188806069,0.09135225188805915
10.0,2.4,0.05,11.0,0.09500958901822536,0.09500958901822537
10.0,2.4,0.05,13.0,0.08711887536363219,0.08711887536363164
10.0,2.4,0.25,7.0,0.050763606706015034,0.050763606706014146
10.0,2.4,0.25,9.0,0.16429978356683697,0.16429978356683703
10.0,2.4,0.25,10.0,0.20032825143159516,0.2003282514315951
10.0,2.4,0.25,11.0,0.18891120061710956,0.18891120061710961
10.0,2.4,0.25,13.0,0.07807006457832083,0.07807006457832086
10.0,2.4,1.0,7.0,0.003457878190913024,0.003457878190913023
10.0,2.4,1.0,9.0,0.22503087360573032,0.22503087360573037
10.0,2.4,1.0,10.0,0.39936350848659796,0.3993635084865981
10.0,2.4,1.0,11.0,0.25891318108769446,0.2589131810876945
10.0,2.4,1.0,13.0,0.00532963392992113,0.00532963392992113
10.0,3.0,0.001,7.0,0.0011485127439956225,0.0011485127439956214
10.0,3.0,0.001,9.0,0.0018694229460119384,0.0018694229460119371
10.0,3.0,0.001,10.0,0.0022868316607552353,0.002286831660755234
10.0,3.0,0.001,11.0,0.0027391219350019614,0.0027391219350019593
10.0,3.0,0.001,13.0,0.0037379779286657814,0.0037379779286657784
10.0,3.0,0.01,7.0,0.02011371166585463,0.0201137116658546
10.0,3.0,0.01,9.0,0.0298203059432102,0.029820305943210165
10.0,3.0,0.01,10.0,0.03449513138882451,0.034495131388824464
10.0,3.0,0.01,11.0,0.03882658466462435,0.038826584664624304
10.0,3.0,0.01,13.0,0.04589790110346003,0.04589790110345998
10.0,3.0,0.05,7.0,0.04981735249828746,0.04981735249828747
10.0,3.0,0.05,9.0,0.07829366366651383,0.07829366366651397
10.0,3.0,0.05,10.0,0.08920215585216121,0.08920215585216051
10.0,3.0,0.05,11.0,0.09570246799181026,0.0957024679918106
10.0,3.0,0.05,13.0,0.0926021734849134,0.09260217348491323
10.0,3.0,0.25,7.0,0.04533115848306137,0.04533115848306207
10.0,3.0,0.25,9.0,0.15842939704393477,0.15842939704393477
10.0,3.0,0.25,10.0,0.19947114020071632,0.19947114020071635
10.0,3.0,0.25,11.0,0.19363592972036472,0.19363592972036472
10.0,3.0,0.25,13.0,0.08418643718282962,0.08418643718282963
10.0,3.0,1.0,7.0,0.0031022938883566047,0.003102293888356605
10.0,3.0,1.0,9.0,0.217773652067229,0.217773652067229
10.0,3.0,1.0,10.0,0.39894228040143265,0.3989422804014327
10.0,3.0,1.0,11.0,0.2661677969710577,0.2661677969710577
10.0,3.0,1.0,13.0,0.005761402935519409,0.005761402935519409
10.0,10.0,0.001,7.0,9.756692033021927e-11,9.756692033021946e-11
10.0,10.0,0.001,9.0,9.219844434389813e-10,9.219844434389806e-10
10.0,10.0,0.001,10.0,2.357525862005463e-9,2.357525862005461e-9
10.0,10.0,0.001,11.0,5.501436908097634e-9,5.501436908097628e-9
10.0,10.0,0.001,13.0,2.4160910222017558e-8,2.416091022201757e-8
10.0,10.0,0.01,7.0,5.112347173228769e-6,5.1123471732287684e-6
10.0,10.0,0.01,9.0,4.2495688689191686e-5,4.249568868919171e-5
10.0,10.0,0.01,10.0,0.00010069302573377758,0.0001006930257337776
10.0,10.0,0.01,11.0,0.00021599882635174188,0.00021599882635174193
10.0,10.0,0.01,13.0,0.000782485707542008,0.0007824857075420079
10.0,10.0,0.05,7.0,0.0014205754991105397,0.0014205754991105397
10.0,10.0,0.05,9.0,0.008748090138682316,0.008748090138682314
10.0,10.0,0.05,10.0,0.01720950754815577,0.01720950754815577
10.0,10.0,0.05,11.0,0.029872027229573196,0.029872027229573196
10.0,10.0,0.05,13.0,0.06530272504716113,0.06530272504716113
10.0,10.0,0.25,7.0,0.008200936162226455,0.008200936162226453
10.0,10.0,0.25,9.0,0.07666404160925801,0.07666404160925801
10.0,10.0,0.25,10.0,0.14472646892341934,0.1447264689234193
10.0,10.0,0.25,11.0,0.20201623925421316,0.20201623925421322
10.0,10.0,0.25,13.0,0.16492367185508255,0.1649236718550826
10.0,10.0,1.0,7.0,0.0007949275036640783,0.0007949275036640782
10.0,10.0,1.0,9.0,0.13792602325425002,0.13792602325425002
10.0,10.0,1.0,10.0,0.36858805848058895,0.3685880584805889
10.0,10.0,1.0,11.0,0.3457794737802369,0.3457794737802368
10.0,10.0,1.0,13.0,0.01358069128621086,0.013580691286210861
50.0,1.0001,0.001,35.0,0.011613773451761764,0.011613773451761771
50.0,1.0001,0.001,45.0,0.01259748039089058,0.012597480390890576
50.0,1.0001,0.001,50.0,0.01270083633832455,0.012700836338324506
50.0,1.0001,0.001,55.00000000000001,0.01251007326096317,0.012510073260963163
50.0,1.0001,0.001,65.0,0.011290527644233559,0.01129052764423343
50.0,1.0001,0.01,35.0,0.012951547653265404,0.01295154765326577
50.0,1.0001,0.01,45.0,0.03520638723494371,0.03520638723494371
50.0,1.0001,0.01,50.0,0.03989426876424163,0.03989426876424162
50.0,1.0001,0.01,55.00000000000001,0.035206733062690544,0.03520673306269055
50.0,1.0001,0.01,65.0,0.012951939592393514,0.012951939592393514
50.0,1.0001,0.05,35.0,0.00032172216825568573,0.00032172216825568557
50.0,1.0001,0.05,45.0,0.04774840027075082,0.047748400270750835
50.0,1.0001,0.05,50.0,0.08920622371992876,0.08920622371992872
50.0,1.0001,0.05,55.00000000000001,0.0477488774134557,0.0477488774134557
50.0,1.0001,0.05,65.0,0.0003217320835394026,0.0003217320835394024
50.0,1.0001,0.25,35.0,1.217138629806531e-13,1.2171386298065313e-13
50.0,1.0001,0.25,45.0,0.008764104466979521,0.008764104466979521
50.0,1.0001,0.25,50.0,0.19947114818555625,0.19947114818555617
50.0,1.0001,0.25,55.00000000000001,0.008764192331434568,0.00876419233143457
50.0,1.0001,0.25,65.0,1.2171762710599164e-13,1.2171762710599164e-13
50.0,1.0001,1.0,35.0,5.530610996475345e-50,5.530610996475343e-50
50.0,1.0001,1.0,45.0,1.4867116992000572e-6,1.4867116992000572e-6
50.0,1.0001,1.0,50.0,0.39894228439145424,0.3989422843914542
50.0,1.0001,1.0,55.00000000000001,1.4867266132438192e-6,1.4867266132438188e-6
50.0,1.0001,1.0,65.0,5.530782145896353e-50,5.530782145896351e-50
50.0,1.5,0.001,35.0,0.0113601976932326,0.011360197693232611
50.0,1.5,0.001,45.0,0.012954602939484946,0.012954602939485001
50.0,1.5,0.001,50.0,0.013332672191509971,0.013332672191509945
50.0,1.5,0.001,55.00000000000001,0.013381916593475604,0.013381916593475653
50.0,1.5,0.001,65.0,0.012493036779619056,0.012493036779618976
50.0,1.5,0.01,35.0,0.011912437791769094,0.0119124377917694
50.0,1.5,0.01,45.0,0.03443781894636651,0.03443781894636649
50.0,1.5,0.01,50.0,0.040047247929032435,0.040047247929032435
50.0,1.5,0.01,55.00000000000001,0.03618095002322097,0.03618095002322098
50.0,1.5,0.01,65.0,0.013870346176964546,0.013870346176964544
50.0,1.5,0.05,35.0,0.0002945989018665343,0.00029459890186653417
50.0,1.5,0.05,45.0,0.04654630164820801,0.04654630164820799
50.0,1.5,0.05,50.0,0.08927340561461293,0.08927340561461293
50.0,1.5,0.05,55.00000000000001,0.048933511586395716,0.048933511586395716
50.0,1.5,0.05,65.0,0.0003437365990703353,0.00034373659907033514
50.0,1.5,0.25,35.0,1.1135646769085706e-13,1.1135646769085707e-13
50.0,1.5,0.25,45.0,0.00853773927953981,0.00853773927953981
50.0,1.5,0.25,50.0,0.19950108709563724,0.19950108709563721
50.0,1.5,0.25,55.00000000000001,0.008976711145910702,0.008976711145910704
50.0,1.5,0.25,65.0,1.2998215905180457e-13,1.2998215905180462e-13
50.0,1.5,1.0,35.0,5.059162558130759e-50,5.059162558130759e-50
50.0,1.5,1.0,45.0,1.4481307281723136e-6,1.4481307281723138e-6
50.0,1.5,1.0,50.0,0.3989572440108718,0.3989572440108719
50.0,1.5,1.0,55.00000000000001,1.522621722983241e-6,1.522621722983241e-6
50.0,1.5,1.0,65.0,5.905806580993261e-50,5.905806580993261e-50
50.0,2.4,0.001,35.0,0.00943601628677797,0.009436016286777968
50.0,2.4,0.001,45.0,0.012280321546792723,0.012280321546792667
50.0,2.4,0.001,50.0,0.01330780211120567,0.013307802111205592
50.0,2.4,0.001,55.00000000000001,0.013975665564876016,0.013975665564875972
50.0,2.4,0.001,65.0,0.014094228736069527,0.014094228736069558
50.0,2.4,0.01,35.0,0.010152721341203005,0.01015272134120283
50.0,2.4,0.01,45.0,0.0328599567133674,0.0328599567133674
50.0,2.4,0.01,50.0,0.04006565028631903,0.04006565028631902
50.0,2.4,0.01,55.00000000000001,0.0377822401234219,0.03778224012342191
50.0,2.4,0.01,65.0,0.015614012915664163,0.015614012915664171
50.0,2.4,0.05,35.0,0.00025094665005312964,0.0002509466500531296
50.0,2.4,0.05,45.0,0.04439539590465582,0.04439539590465581
50.0,2.4,0.05,50.0,0.08928147300173059,0.0892814730017306
50.0,2.4,0.05,55.00000000000001,0.05108210137552174,0.05108210137552175
50.0,2.4,0.05,65.0,0.00038683917102536036,0.0003868391710253603
50.0,2.4,0.25,35.0,9.484637669912529e-14,9.484637669912529e-14
50.0,2.4,0.25,45.0,0.008142555198093057,0.008142555198093057
50.0,2.4,0.25,50.0,0.19950468102530533,0.19950468102530533
50.0,2.4,0.25,55.00000000000001,0.009370247683715345,0.009370247683715346
50.0,2.4,0.25,65.0,1.4627303480804485e-13,1.4627303480804488e-13
50.0,2.4,1.0,35.0,4.308990581655782e-50,4.308990581655783e-50
50.0,2.4,1.0,45.0,1.3810807444778253e-6,1.3810807444778253e-6
50.0,2.4,1.0,50.0,0.3989590396817258,0.39895903968172575
50.0,2.4,1.0,55.00000000000001,1.5893535152779967e-6,1.5893535152779969e-6
50.0,2.4,1.0,65.0,6.645921872454235e-50,6.645921872454236e-50
50.0,3.0,0.001,35.0,0.0076530284559305165,0.007653028455930508
50.0,3.0,0.001,45.0,0.011088487726526777,0.011088487726526765
50.0,3.0,0.001,50.0,0.012530658944075622,0.012530658944075597
50.0,3.0,0.001,55.00000000000001,0.013648834603864554,0.013648834603864552
50.0,3.0,0.001,65.0,0.014633286050902385,0.014633286050902358
50.0,3.0,0.01,35.0,0.009066231696612276,0.009066231696612415
50.0,3.0,0.01,45.0,0.031685879408786956,0.031685879408786956
50.0,3.0,0.01,50.0,0.03989422804014327,0.03989422804014327
50.0,3.0,0.01,55.00000000000001,0.038727185944072935,0.038727185944072935
50.0,3.0,0.01,65.0,0.016837287436565925,0.016837287436565925
50.0,3.0,0.05,35.0,0.0002252094693587631,0.00022520946935876304
50.0,3.0,0.05,45.0,0.0429737770380201,0.04297377703802009
50.0,3.0,0.05,50.0,0.08920620580763856,0.08920620580763856
50.0,3.0,0.05,55.00000000000001,0.05252350526869114,0.05252350526869114
50.0,3.0,0.05,65.0,0.00041824615738056013,0.00041824615738055997
50.0,3.0,0.25,35.0,8.520121865601534e-14,8.520121865601534e-14
50.0,3.0,0.25,45.0,0.007887735222105842,0.007887735222105842
50.0,3.0,0.25,50.0,0.19947114020071632,0.19947114020071635
50.0,3.0,0.25,55.00000000000001,0.00964056527146261,0.009640565271462611
50.0,3.0,0.25,65.0,1.5823083464688564e-13,1.5823083464688564e-13
50.0,3.0,1.0,35.0,3.8714966848910914e-50,3.8714966848910914e-50
50.0,3.0,1.0,45.0,1.338047563260868e-6,1.338047563260868e-6
50.0,3.0,1.0,50.0,0.39894228040143265,0.3989422804014327
50.0,3.0,1.0,55.00000000000001,1.6353914662076696e-6,1.6353914662076696e-6
50.0,3.0,1.0,65.0,7.189922414797742e-50,7.189922414797741e-50
50.0,10.0,0.001,35.0,3.707527053864229e-5,3.707527053864231e-5
50.0,10.0,0.001,45.0,0.0002628496823609097,0.00026284968236090964
50.0,10.0,0.001,50.0,0.0005662927771478715,0.0005662927771478716
50.0,10.0,0.001,55.00000000000001,0.0010928969479074907,0.0010928969479074913
50.0,10.0,0.001,65.0,0.0031027221828391948,0.003102722182839195
50.0,10.0,0.01,35.0,0.0016401872324452909,0.0016401872324452906
50.0,10.0,0.01,45.0,0.015332808321851603,0.0153328083218516
50.0,10.0,0.01,50.0,0.028945293784683867,0.028945293784683863
50.0,10.0,0.01,55.00000000000001,0.04040324785084264,0.040403247850842657
50.0,10.0,0.01,65.0,0.03298473437101652,0.032984734371016525
50.0,10.0,0.05,35.0,5.903699838701226e-5,5.903699838701224e-5
50.0,10.0,0.05,45.0,0.027702476938806075,0.027702476938806075
50.0,10.0,0.05,50.0,0.08373876300671287,0.08373876300671286
50.0,10.0,0.05,55.00000000000001,0.06922540769337662,0.06922540769337662
50.0,10.0,0.05,65.0,0.0009979827130293605,0.00099798271302936
50.0,10.0,0.25,35.0,2.401390263494473e-14,2.401390263494477e-14
50.0,10.0,0.25,45.0,0.005379174030804753,0.005379174030804755
50.0,10.0,0.25,50.0,0.19697159127046704,0.19697159127046707
50.0,10.0,0.25,55.00000000000001,0.013304502584274134,0.013304502584274135
50.0,10.0,0.25,65.0,3.9253731825013363e-13,3.925373182501337e-13
50.0,10.0,1.0,35.0,1.1060306157816575e-50,1.1060306157816575e-50
50.0,10.0,1.0,45.0,9.221465935266824e-7,9.221465935266825e-7
50.0,10.0,1.0,50.0,0.39768733901398357,0.39768733901398357
50.0,10.0,1.0,55.00000000000001,2.276419188802332e-6,2.276419188802332e-6
50.0,10.0,1.0,65.0,1.7966912233815437e-49,1.7966912233815437e-49
100.0,1.0001,0.001,70.0,0.008043996030854372,0.008043996030854341
100.0,1.0001,0.001,90.0,0.01200036188436042,0.01200036188436005
100.0,1.0001,0.001,100.0,0.012615695938443054,0.012615695938442776
100.0,1.0001,0.001,110.00000000000001,0.012000475319574651,0.012000475319574492
100.0,1.0001,0.001,130.0,0.008044223272430418,0.008044223272430106
100.0,1.0001,0.01,70.0,0.0004431770970344527,0.0004431770970344525
100.0,1.0001,0.01,90.0,0.024196951740248086,0.02419695174024808
100.0,1.0001,0.01,100.0,0.039894238063574436,0.03989423806357444
100.0,1.0001,0.01,110.00000000000001,0.02419719328786813,0.024197193287868124
100.0,1.0001,0.01,130.0,0.00044319074058023564,0.0004431907405802356
100.0,1.0001,0.05,70.0,1.5092511350146347e-11,1.5092511350146327e-11
100.0,1.0001,0.05,90.0,0.007322453113227576,0.0073224531132275745
100.0,1.0001,0.05,100.0,0.08920621027219494,0.08920621027219498
100.0,1.0001,0.05,110.00000000000001,0.007322526509572956,0.007322526509572953
100.0,1.0001,0.05,130.0,1.5092978001546795e-11,1.5092978001546776e-11
100.0,1.0001,0.25,70.0,2.7653054982376723e-50,2.7653054982376714e-50
100.0,1.0001,0.25,90.0,7.433558496000287e-7,7.433558496000286e-7
100.0,1.0001,0.25,100.0,0.1994711421957271,0.1994711421957271
100.0,1.0001,0.25,110.00000000000001,7.433633066219096e-7,7.433633066219094e-7
100.0,1.0001,0.25,130.0,2.765391072948176e-50,2.7653910729481754e-50
100.0,1.0001,1.0,70.0,1.4736198597433007e-196,1.473619859743301e-196
100.0,1.0001,1.0,90.0,7.694558112843125e-23,7.694558112843127e-23
100.0,1.0001,1.0,100.0,0.39894228139878835,0.3989422813987884
100.0,1.0001,1.0,110.00000000000001,7.694635312959359e-23,7.694635312959358e-23
100.0,1.0001,1.0,130.0,1.4736654694434984e-196,1.4736654694434987e-196
100.0,1.5,0.001,70.0,0.007465618671769791,0.0074656186717697364
100.0,1.5,0.001,90.0,0.01181861494263772,0.011818614942637725
100.0,1.5,0.001,100.0,0.012741199306529612,0.012741199306529604
100.0,1.5,0.001,110.00000000000001,0.012400285045113042,0.012400285045112812
100.0,1.5,0.001,130.0,0.00865419535442401,0.008654195354423798
100.0,1.5,0.01,70.0,0.00040592450415763805,0.00040592450415763784
100.0,1.5,0.01,90.0,0.02359274017604425,0.023592740176044253
100.0,1.5,0.01,100.0,0.03993183555684287,0.03993183555684286
100.0,1.5,0.01,110.00000000000001,0.024801778920584355,0.024801778920584366
100.0,1.5,0.01,130.0,0.00047357104692084405,0.00047357104692084416
100.0,1.5,0.05,70.0,1.380893644266844e-11,1.3808936442668424e-11
100.0,1.5,0.05,90.0,0.0071336216119487995,0.007133621611948797
100.0,1.5,0.05,100.0,0.08922295030331621,0.08922295030331621
100.0,1.5,0.05,110.00000000000001,0.007500343081882604,0.007500343081882603
100.0,1.5,0.05,130.0,1.6118244899620466e-11,1.611824489962045e-11
100.0,1.5,0.25,70.0,2.5295812790653795e-50,2.5295812790653795e-50
100.0,1.5,0.25,90.0,7.240653640861568e-7,7.240653640861569e-7
100.0,1.5,0.25,100.0,0.1994786220054359,0.19947862200543595
100.0,1.5,0.25,110.00000000000001,7.613108614916205e-7,7.613108614916205e-7
100.0,1.5,0.25,130.0,2.9529032904966305e-50,2.9529032904966305e-50
100.0,1.5,1.0,70.0,1.3479492338840124e-196,1.3479492338840126e-196
100.0,1.5,1.0,90.0,7.494645962810798e-23,7.494645962810798e-23
100.0,1.5,1.0,100.0,0.39894602068986834,0.3989460206898684
100.0,1.5,1.0,110.00000000000001,7.8802109492749e-23,7.8802109492749e-23
100.0,1.5,1.0,130.0,1.5735559138032784e-196,1.5735559138032786e-196
100.0,2.4,0.001,70.0,0.006369678745262563,0.0063696787452624925
100.0,2.4,0.001,90.0,0.011286340628863646,0.011286340628863642
100.0,2.4,0.001,100.0,0.012756350961106576,0.012756350961106618
100.0,2.4,0.001,110.00000000000001,0.01295761414839807,0.012957614148397816
100.0,2.4,0.001,130.0,0.00974749116898236,0.009747491168982192
100.0,2.4,0.01,70.0,0.00034578781909130234,0.0003457878190913023
100.0,2.4,0.01,90.0,0.022503087360573038,0.022503087360573038
100.0,2.4,0.01,100.0,0.0399363508486598,0.039936350848659805
100.0,2.4,0.01,110.00000000000001,0.02589131810876941,0.025891318108769417
100.0,2.4,0.01,130.0,0.0005329633929921129,0.0005329633929921129
100.0,2.4,0.05,70.0,1.1761652073382007e-11,1.1761652073381994e-11
100.0,2.4,0.05,90.0,0.006803463639350441,0.006803463639350439
100.0,2.4,0.05,100.0,0.08922495985413918,0.08922495985413917
100.0,2.4,0.05,110.00000000000001,0.007829188132424697,0.007829188132424694
100.0,2.4,0.05,130.0,1.813843366606351e-11,1.813843366606349e-11
100.0,2.4,0.25,70.0,2.154495290827891e-50,2.1544952908278915e-50
100.0,2.4,0.25,90.0,6.905403722389126e-7,6.905403722389126e-7
100.0,2.4,0.25,100.0,0.1994795198408629,0.19947951984086287
100.0,2.4,0.25,110.00000000000001,7.946767576389983e-7,7.946767576389984e-7
100.0,2.4,0.25,130.0,3.3229609362271174e-50,3.322960936227118e-50
100.0,2.4,1.0,70.0,1.1480699567115184e-196,1.1480699567115184e-196
100.0,2.4,1.0,90.0,7.147609120274943e-23,7.147609120274943e-23
100.0,2.4,1.0,100.0,0.39894646952683716,0.39894646952683727
100.0,2.4,1.0,110.00000000000001,8.225550935187825e-23,8.225550935187826e-23
100.0,2.4,1.0,130.0,1.770749239175615e-196,1.770749239175615e-196
100.0,3.0,0.001,70.0,0.005630866459862699,0.005630866459862674
100.0,3.0,0.001,90.0,0.01080035037138216,0.010800350371382104
100.0,3.0,0.001,100.0,0.012615662584098006,0.012615662584097981
100.0,3.0,0.001,110.00000000000001,0.013200428429049166,0.013200428429049279
100.0,3.0,0.001,130.0,0.010457332120978028,0.010457332120977809
100.0,3.0,0.01,70.0,0.0003102293888356605,0.0003102293888356605
100.0,3.0,0.01,90.0,0.021777365206722906,0.021777365206722903
100.0,3.0,0.01,100.0,0.03989422804014327,0.03989422804014327
100.0,3.0,0.01,110.00000000000001,0.026616779697105734,0.026616779697105734
100.0,3.0,0.01,130.0,0.0005761402935519409,0.0005761402935519408
100.0,3.0,0.05,70.0,1.0564945600322504e-11,1.056494560032249e-11
100.0,3.0,0.05,90.0,0.006590242152866921,0.006590242152866918
100.0,3.0,0.05,100.0,0.08920620580763856,0.08920620580763856
100.0,3.0,0.05,110.00000000000001,0.008054740409059513,0.008054740409059511
100.0,3.0,0.05,130.0,1.962061325774179e-11,1.9620613257741764e-11
100.0,3.0,0.25,70.0,1.9357483424455454e-50,1.9357483424455457e-50
100.0,3.0,0.25,90.0,6.69023781630434e-7,6.69023781630434e-7
100.0,3.0,0.25,100.0,0.19947114020071632,0.19947114020071635
100.0,3.0,0.25,110.00000000000001,8.176957331038349e-7,8.176957331038348e-7
100.0,3.0,0.25,130.0,3.59496120739887e-50,3.5949612073988705e-50
100.0,3.0,1.0,70.0,1.0315522944149832e-196,1.0315522944149833e-196
100.0,3.0,1.0,90.0,6.925138764035778e-23,6.925138764035778e-23
100.0,3.0,1.0,100.0,0.39894228040143265,0.3989422804014327
100.0,3.0,1.0,110.00000000000001,8.46405848937586e-23,8.46405848937586e-23
100.0,3.0,1.0,130.0,1.9157399753421117e-196,1.9157399753421117e-196
100.0,10.0,0.001,70.0,0.0004984233979416635,0.0004984233979416634
100.0,10.0,0.001,90.0,0.003004021632121997,0.0030040216321219975
100.0,10.0,0.001,100.0,0.005568258426863319,0.005568258426863319
100.0,10.0,0.001,110.00000000000001,0.008775697609056561,0.008775697609056561
100.0,10.0,0.001,130.0,0.014018019535264967,0.014018019535264966
100.0,10.0,0.01,70.0,7.949275036640783e-5,7.949275036640781e-5
100.0,10.0,0.01,90.0,0.013792602325425,0.013792602325425
100.0,10.0,0.01,100.0,0.036858805848058895,0.03685880584805889
100.0,10.0,0.01,110.00000000000001,0.03457794737802366,0.03457794737802365
100.0,10.0,0.01,130.0,0.001358069128621086,0.001358069128621086
100.0,10.0,0.05,70.0,2.9643186437001117e-12,2.964318643700125e-12
100.0,10.0,0.05,90.0,0.004478592911890234,0.0044785929118902395
100.0,10.0,0.05,100.0,0.08781083606217846,0.08781083606217852
100.0,10.0,0.05,110.00000000000001,0.011084140008483935,0.011084140008483937
100.0,10.0,0.05,130.0,4.8556640181706737e-11,4.855664018170668e-11
100.0,10.0,0.25,70.0,5.530153078908288e-51,5.530153078908288e-51
100.0,10.0,0.25,90.0,4.610732967633412e-7,4.6107329676334125e-7
100.0,10.0,0.25,100.0,0.19884366950699178,0.19884366950699178
100.0,10.0,0.25,110.00000000000001,1.138209594401166e-6,1.138209594401166e-6
100.0,10.0,0.25,130.0,8.983456116907718e-50,8.983456116907718e-50
100.0,10.0,1.0,70.0,2.95696220294857e-197,2.9569622029485706e-197
100.0,10.0,1.0,90.0,4.78516849090742e-23,4.7851684909074203e-23
100.0,10.0,1.0,100.0,0.3986282213329902,0.3986282213329902
100.0,10.0,1.0,110.00000000000001,1.1807069628744463e-22,1.1807069628744463e-22
100.0,10.0,1.0,130.0,4.795956136176672e-196,4.7959561361766715e-196
250.0,1.0001,0.001,175.0,0.0007576163550441029,0.0007576163550441029
250.0,1.0001,0.001,225.0,0.00922977145132951,0.009229771451329506
250.0,1.0001,0.001,250.0,0.012615667697144568,0.012615667697144572
250.0,1.0001,0.001,275.0,0.009229863300859995,0.009229863300859993
250.0,1.0001,0.001,325.0,0.0007576396016991191,0.0007576396016991192
250.0,1.0001,0.01,175.0,2.4342772596130618e-14,2.4342772596130612e-14
250.0,1.0001,0.01,225.0,0.001752820893395904,0.0017528208933959041
250.0,1.0001,0.01,250.0,0.03989422963711124,0.039894229637111235
250.0,1.0001,0.01,275.0,0.0017528384662869295,0.0017528384662869295
250.0,1.0001,0.01,325.0,2.4343525421198324e-14,2.4343525421198314e-14
250.0,1.0001,0.05,175.0,7.546156541767599e-63,7.546156541767542e-63
250.0,1.0001,0.05,225.0,1.4606343312676069e-8,1.4606343312676059e-8
250.0,1.0001,0.05,250.0,0.08920620652136674,0.08920620652136674
250.0,1.0001,0.05,275.0,1.4606489843051931e-8,1.4606489843051918e-8
250.0,1.0001,0.05,325.0,7.546390073903795e-63,7.546390073903736e-63
250.0,1.0001,0.25,175.0,8.641014578128058e-307,8.64101457812806e-307
250.0,1.0001,0.25,225.0,2.3475853159884724e-35,2.3475853159884724e-35
250.0,1.0001,0.25,250.0,0.19947114051986445,0.19947114051986442
250.0,1.0001,0.25,275.0,2.3476088699267077e-35,2.3476088699267072e-35
250.0,1.0001,0.25,325.0,8.641282029492201e-307,8.641282029492201e-307
250.0,1.0001,1.0,175.0,0.0,0.0
250.0,1.0001,1.0,225.0,7.653889418827996e-137,7.653889418827996e-137
250.0,1.0001,1.0,250.0,0.39894228056100295,0.3989422805610029
250.0,1.0001,1.0,275.0,7.653966214160416e-137,7.653966214160414e-137
250.0,1.0001,1.0,325.0,0.0,0.0
250.0,1.5,0.001,175.0,0.0006945009950064039,0.0006945009950064037
250.0,1.5,0.001,225.0,0.009005006839997413,0.00900500683999741
250.0,1.5,0.001,250.0,0.012634754485503582,0.012634754485503583
250.0,1.5,0.001,275.0,0.00946537456115246,0.009465374561152456
250.0,1.5,0.001,325.0,0.0008099289194194187,0.0008099289194194187
250.0,1.5,0.01,175.0,2.2271293538171417e-14,2.22712935381714e-14
250.0,1.5,0.01,225.0,0.0017075478559079621,0.001707547855907962
250.0,1.5,0.01,250.0,0.03990021741912744,0.03990021741912744
250.0,1.5,0.01,275.0,0.001795342229182157,0.0017953422291821567
250.0,1.5,0.01,325.0,2.5996431810360923e-14,2.5996431810360913e-14
250.0,1.5,0.05,175.0,6.902822042129579e-63,6.902822042129522e-63
250.0,1.5,0.05,225.0,1.4227182243953786e-8,1.4227182243953771e-8
250.0,1.5,0.05,250.0,0.0892088824623,0.0892088824623
250.0,1.5,0.05,275.0,1.4959042830952932e-8,1.4959042830952915e-8
250.0,1.5,0.05,325.0,8.058039869108114e-63,8.058039869108052e-63
250.0,1.5,0.25,175.0,7.90406885044412e-307,7.90406885044412e-307
250.0,1.5,0.25,225.0,2.2865841788189816e-35,2.286584178818981e-35
250.0,1.5,0.25,250.0,0.19947233706944928,0.19947233706944925
250.0,1.5,0.25,275.0,2.4042200337872532e-35,2.404220033787253e-35
250.0,1.5,0.25,325.0,9.226995833328489e-307,9.226995833328488e-307
250.0,1.5,1.0,175.0,0.0,0.0
250.0,1.5,1.0,225.0,7.454968663196336e-137,7.454968663196336e-137
250.0,1.5,1.0,250.0,0.39894287882008955,0.3989428788200895
250.0,1.5,1.0,275.0,7.838504907298378e-137,7.838504907298378e-137
250.0,1.5,1.0,325.0,0.0,0.0
250.0,2.4,0.001,175.0,0.0005916705792944342,0.0005916705792944342
250.0,2.4,0.001,225.0,0.008589755898272974,0.008589755898272973
250.0,2.4,0.001,250.0,0.01263704746197859,0.012637047461978596
250.0,2.4,0.001,275.0,0.009881801008143724,0.009881801008143724
250.0,2.4,0.001,325.0,0.0009115529960783224,0.0009115529960783223
250.0,2.4,0.01,175.0,1.8969275339825057e-14,1.8969275339825048e-14
250.0,2.4,0.01,225.0,0.0016285110396186118,0.0016285110396186114
250.0,2.4,0.01,250.0,0.03990093620506106,0.03990093620506106
250.0,2.4,0.01,275.0,0.001874049536743086,0.0018740495367430858
250.0,2.4,0.01,325.0,2.925460696160897e-14,2.925460696160896e-14
250.0,2.4,0.05,175.0,5.879264910431373e-63,5.879264910431329e-63
250.0,2.4,0.05,225.0,1.3568435091048725e-8,1.3568435091048714e-8
250.0,2.4,0.05,250.0,0.08920920366625698,0.08920920366625698
250.0,2.4,0.05,275.0,1.5614638548032102e-8,1.561463854803209e-8
250.0,2.4,0.05,325.0,9.067866614880396e-63,9.067866614880327e-63
250.0,2.4,0.25,175.0,6.7320181680811e-307,6.7320181680811e-307
250.0,2.4,0.25,225.0,2.1807037526e-35,2.180703752599999e-35
250.0,2.4,0.25,250.0,0.19947248069417983,0.1994724806941798
250.0,2.4,0.25,275.0,2.5095809227566366e-35,2.509580922756637e-35
250.0,2.4,0.25,325.0,1.0383292146130324e-306,1.0383292146130325e-306
250.0,2.4,1.0,175.0,0.0,0.0
250.0,2.4,1.0,225.0,7.109761597785087e-137,7.109761597785085e-137
250.0,2.4,1.0,250.0,0.3989429506303886,0.39894295063038865
250.0,2.4,1.0,275.0,8.182010150752929e-137,8.18201015075293e-137
250.0,2.4,1.0,325.0,0.0,0.0
250.0,3.0,0.001,175.0,0.0005303405998302003,0.0005303405998302001
250.0,3.0,0.001,225.0,0.008306834341560779,0.008306834341560777
250.0,3.0,0.001,250.0,0.012615662610100801,0.012615662610100801
250.0,3.0,0.001,275.0,0.010152797528574283,0.010152797528574283
250.0,3.0,0.001,325.0,0.0009849182568275145,0.0009849182568275145
250.0,3.0,0.01,175.0,1.7040243731203068e-14,1.7040243731203058e-14
250.0,3.0,0.01,225.0,0.0015775470444211685,0.0015775470444211682
250.0,3.0,0.01,250.0,0.03989422804014327,0.03989422804014327
250.0,3.0,0.01,275.0,0.0019281130542925396,0.001928113054292539
250.0,3.0,0.01,325.0,3.1646166929377125e-14,3.164616692937711e-14
250.0,3.0,0.05,175.0,5.282403723069863e-63,5.282403723069822e-63
250.0,3.0,0.05,225.0,1.3145778116658423e-8,1.3145778116658413e-8
250.0,3.0,0.05,250.0,0.08920620580763858,0.08920620580763856
250.0,3.0,0.05,275.0,1.606706214258252e-8,1.6067062142582503e-8
250.0,3.0,0.05,325.0,9.810178342844029e-63,9.810178342843953e-63
250.0,3.0,0.25,175.0,6.048818062994368e-307,6.048818062994368e-307
250.0,3.0,0.25,225.0,2.1128379110888158e-35,2.1128379110888158e-35
250.0,3.0,0.25,250.0,0.19947114020071635,0.19947114020071635
250.0,3.0,0.25,275.0,2.582357446886331e-35,2.5823574468863303e-35
250.0,3.0,0.25,325.0,1.1233519259846685e-306,1.1233519259846684e-306
250.0,3.0,1.0,175.0,0.0,0.0
250.0,3.0,1.0,225.0,6.888536762777453e-137,6.888536762777453e-137
250.0,3.0,1.0,250.0,0.3989422804014327,0.3989422804014327
250.0,3.0,1.0,275.0,8.419322710061332e-137,8.419322710061332e-137
250.0,3.0,1.0,325.0,0.0,0.0
250.0,10.0,0.001,175.0,0.00012687259613343956,0.00012687259613343953
250.0,10.0,0.001,225.0,0.004988378178534533,0.004988378178534533
250.0,10.0,0.001,250.0,0.011111259739401778,0.011111259739401778
250.0,10.0,0.001,275.0,0.012628766068881749,0.012628766068881747
250.0,10.0,0.001,325.0,0.002237974647850933,0.0022379746478509324
250.0,10.0,0.01,175.0,4.8027805269889465e-15,4.802780526988951e-15
250.0,10.0,0.01,225.0,0.0010758348061609506,0.001075834806160951
250.0,10.0,0.01,250.0,0.03939431825409341,0.03939431825409342
250.0,10.0,0.01,275.0,0.0026609005168548496,0.002660900516854849
250.0,10.0,0.01,325.0,7.850746365002673e-14,7.85074636500267e-14
250.0,10.0,0.05,175.0,1.5104658582968826e-63,1.510465858296871e-63
250.0,10.0,0.05,225.0,9.066065243668361e-9,9.066065243668358e-9
250.0,10.0,0.05,250.0,0.08898165332003971,0.08898165332003971
250.0,10.0,0.05,275.0,2.237771805111245e-8,2.237771805111243e-8
250.0,10.0,0.05,325.0,2.4526561636729058e-62,2.4526561636728868e-62
250.0,10.0,0.25,175.0,1.7346064449278115e-307,1.7346064449278119e-307
250.0,10.0,0.25,225.0,1.4603997515255327e-35,1.4603997515255324e-35
250.0,10.0,0.25,250.0,0.19937062886111506,0.19937062886111506
250.0,10.0,0.25,275.0,3.6032281608382713e-35,3.6032281608382713e-35
250.0,10.0,0.25,325.0,2.8128669515074506e-306,2.8128669515074506e-306
250.0,10.0,1.0,175.0,0.0,0.0
250.0,10.0,1.0,225.0,4.763377070466956e-137,4.763377070466955e-137
250.0,10.0,1.0,250.0,0.39889201643870026,0.3988920164387002
250.0,10.0,1.0,275.0,1.1751730070705589e-136,1.1751730070705587e-136
250.0,10.0,1.0,325.0,0.0,0.0
1000.0,1.0001,0.001,700.0,3.611192590124854e-22,3.611192590124849e-22
1000.0,1.0001,0.001,900.0,8.500322058727433e-5,8.500322058727432e-5
1000.0,1.0001,0.001,1000.0,0.01261566292563445,0.012615662925634446
1000.0,1.0001,0.001,1100.0,8.500407304459632e-5,8.50040730445963e-5
1000.0,1.0001,0.001,1300.0,3.6113043057552553e-22,3.6113043057552506e-22
1000.0,1.0001,0.01,700.0,1.473619859743301e-197,1.4736198597432872e-197
1000.0,1.0001,0.01,900.0,7.694558112843125e-24,7.694558112843119e-24
1000.0,1.0001,0.01,1000.0,0.03989422813987884,0.03989422813987884
1000.0,1.0001,0.01,1100.0,7.694635312960453e-24,7.694635312960444e-24
1000.0,1.0001,0.01,1300.0,1.4736654694434986e-197,1.473665469443485e-197
1000.0,1.0001,0.05,700.0,0.0,0.0
1000.0,1.0001,0.05,900.0,2.3810707748206025e-110,2.3810707748205694e-110
1000.0,1.0001,0.05,1000.0,0.0892062058522399,0.08920620585223987
1000.0,1.0001,0.05,1100.0,2.3810946652563656e-110,2.381094665256332e-110
1000.0,1.0001,0.05,1300.0,0.0,0.0
1000.0,1.0001,0.25,700.0,0.0,0.0
1000.0,1.0001,0.25,900.0,0.0,0.0
1000.0,1.0001,0.25,1000.0,0.19947114022066254,0.1994711402206625
1000.0,1.0001,0.25,1100.0,0.0,0.0
1000.0,1.0001,0.25,1300.0,0.0,0.0
1000.0,1.0001,1.0,700.0,0.0,0.0
1000.0,1.0001,1.0,900.0,0.0,0.0
1000.0,1.0001,1.0,1000.0,0.3989422804114058,0.3989422804114057
1000.0,1.0001,1.0,1100.0,0.0,0.0
1000.0,1.0001,1.0,1300.0,0.0,0.0
1000.0,1.5,0.001,700.0,3.303627679692266e-22,3.3036276796922625e-22
1000.0,1.5,0.001,900.0,8.280251877840143e-5,8.280251877840143e-5
1000.0,1.5,0.001,1000.0,0.01261684597593764,0.012616845975937636
1000.0,1.5,0.001,1100.0,8.706084101621871e-5,8.706084101621871e-5
1000.0,1.5,0.001,1300.0,3.8563420642933074e-22,3.8563420642933036e-22
1000.0,1.5,0.01,700.0,1.3479492338840127e-197,1.347949233884e-197
1000.0,1.5,0.01,900.0,7.494645962810798e-24,7.494645962810789e-24
1000.0,1.5,0.01,1000.0,0.039894602068986824,0.03989460206898684
1000.0,1.5,0.01,1100.0,7.880210949276022e-24,7.880210949276013e-24
1000.0,1.5,0.01,1300.0,1.5735559138032785e-197,1.573555913803264e-197
1000.0,1.5,0.05,700.0,0.0,0.0
1000.0,1.5,0.05,900.0,2.3191889030721752e-110,2.3191889030721432e-110
1000.0,1.5,0.05,1000.0,0.0892063730711039,0.0892063730711039
1000.0,1.5,0.05,1100.0,2.4385041764406166e-110,2.4385041764405833e-110
1000.0,1.5,0.05,1300.0,0.0,0.0
1000.0,1.5,0.25,700.0,0.0,0.0
1000.0,1.5,0.25,900.0,0.0,0.0
1000.0,1.5,0.25,1000.0,0.19947121500255752,0.19947121500255754
1000.0,1.5,0.25,1100.0,0.0,0.0
1000.0,1.5,0.25,1300.0,0.0,0.0
1000.0,1.5,1.0,700.0,0.0,0.0
1000.0,1.5,1.0,900.0,0.0,0.0
1000.0,1.5,1.0,1000.0,0.39894231780229195,0.39894231780229195
1000.0,1.5,1.0,1100.0,0.0,0.0
1000.0,1.5,1.0,1300.0,0.0,0.0
1000.0,2.4,0.001,700.0,2.813793350314149e-22,2.8137933503141467e-22
1000.0,2.4,0.001,900.0,7.896926734775027e-5,7.896926734775026e-5
1000.0,2.4,0.001,1000.0,0.012616987987299629,0.012616987987299629
1000.0,2.4,0.001,1100.0,9.087700592897258e-5,9.087700592897255e-5
1000.0,2.4,0.001,1300.0,4.339641142445332e-22,4.339641142445328e-22
1000.0,2.4,0.01,700.0,1.1480699567115185e-197,1.1480699567115078e-197
1000.0,2.4,0.01,900.0,7.147609120274943e-24,7.147609120274936e-24
1000.0,2.4,0.01,1000.0,0.039894646952683716,0.03989464695268372
1000.0,2.4,0.01,1100.0,8.225550935188995e-24,8.225550935188986e-24
1000.0,2.4,0.01,1300.0,1.770749239175615e-197,1.7707492391755984e-197
1000.0,2.4,0.05,700.0,0.0,0.0
1000.0,2.4,0.05,900.0,2.211797496471668e-110,2.2117974964716368e-110
1000.0,2.4,0.05,1000.0,0.08920639314274081,0.08920639314274083
1000.0,2.4,0.05,1100.0,2.545366364692784e-110,2.545366364692748e-110
1000.0,2.4,0.05,1300.0,0.0,0.0
1000.0,2.4,0.25,700.0,0.0,0.0
1000.0,2.4,0.25,900.0,0.0,0.0
1000.0,2.4,0.25,1000.0,0.19947122397878034,0.19947122397878037
1000.0,2.4,0.25,1100.0,0.0,0.0
1000.0,2.4,0.25,1300.0,0.0,0.0
1000.0,2.4,1.0,700.0,0.0,0.0
1000.0,2.4,1.0,900.0,0.0,0.0
1000.0,2.4,1.0,1000.0,0.3989423222903953,0.3989423222903953
1000.0,2.4,1.0,1100.0,0.0,0.0
1000.0,2.4,1.0,1300.0,0.0,0.0
1000.0,3.0,0.001,700.0,2.527879803914906e-22,2.527879803914904e-22
1000.0,3.0,0.001,900.0,7.650329942268308e-5,7.650329942268307e-5
1000.0,3.0,0.001,1000.0,0.012615662610100801,0.012615662610100801
1000.0,3.0,0.001,1100.0,9.350403262772377e-5,9.350403262772376e-5
1000.0,3.0,0.001,1300.0,4.694633921556253e-22,4.69463392155625e-22
1000.0,3.0,0.01,700.0,1.0315522944149833e-197,1.0315522944149737e-197
1000.0,3.0,0.01,900.0,6.925138764035778e-24,6.925138764035771e-24
1000.0,3.0,0.01,1000.0,0.03989422804014327,0.03989422804014327
1000.0,3.0,0.01,1100.0,8.464058489377062e-24,8.464058489377053e-24
1000.0,3.0,0.01,1300.0,1.9157399753421114e-197,1.915739975342094e-197
1000.0,3.0,0.05,700.0,0.0,0.0
1000.0,3.0,0.05,900.0,2.1429749853657918e-110,2.1429749853657623e-110
1000.0,3.0,0.05,1000.0,0.08920620580763858,0.08920620580763856
1000.0,3.0,0.05,1100.0,2.619191648780413e-110,2.619191648780376e-110
1000.0,3.0,0.05,1300.0,0.0,0.0
1000.0,3.0,0.25,700.0,0.0,0.0
1000.0,3.0,0.25,900.0,0.0,0.0
1000.0,3.0,0.25,1000.0,0.19947114020071635,0.19947114020071635
1000.0,3.0,0.25,1100.0,0.0,0.0
1000.0,3.0,0.25,1300.0,0.0,0.0
1000.0,3.0,1.0,700.0,0.0,0.0
1000.0,3.0,1.0,900.0,0.0,0.0
1000.0,3.0,1.0,1000.0,0.3989422804014327,0.3989422804014327
1000.0,3.0,1.0,1100.0,0.0,0.0
1000.0,3.0,1.0,1300.0,0.0,0.0
1000.0,10.0,0.001,700.0,7.17315583040835e-23,7.173155830408344e-23
1000.0,10.0,0.001,900.0,5.244773828256792e-5,5.244773828256793e-5
1000.0,10.0,0.001,1000.0,0.01251665522228212,0.012516655222282116
1000.0,10.0,0.001,1100.0,0.0001295967691450482,0.00012959676914504816
1000.0,10.0,0.001,1300.0,1.168884588602948e-21,1.168884588602947e-21
1000.0,10.0,0.01,700.0,2.95696220294857e-198,2.9569622029485427e-198
1000.0,10.0,0.01,900.0,4.78516849090742e-24,4.785168490907415e-24
1000.0,10.0,0.01,1000.0,0.039862822133299024,0.03986282213329902
1000.0,10.0,0.01,1100.0,1.1807069628746136e-23,1.1807069628746122e-23
1000.0,10.0,0.01,1300.0,4.7959561361766723e-197,4.7959561361766266e-197
1000.0,10.0,0.05,700.0,0.0,0.0
1000.0,10.0,0.05,900.0,1.4818009957082096e-110,1.4818009957081895e-110
1000.0,10.0,0.05,1000.0,0.0891921567961284,0.08919215679612841
1000.0,10.0,0.05,1100.0,3.655775279061881e-110,3.6557752790618305e-110
1000.0,10.0,0.05,1300.0,0.0,0.0
1000.0,10.0,0.25,700.0,0.0,0.0
1000.0,10.0,0.25,900.0,0.0,0.0
1000.0,10.0,0.25,1000.0,0.19946485694619542,0.1994648569461954
1000.0,10.0,0.25,1100.0,0.0,0.0
1000.0,10.0,0.25,1300.0,0.0,0.0
1000.0,10.0,1.0,700.0,0.0,0.0
1000.0,10.0,1.0,900.0,0.0,0.0
1000.0,10.0,1.0,1000.0,0.39893913874177406,0.398939138741774
1000.0,10.0,1.0,1100.0,0.0,0.0
1000.0,10.0,1.0,1300.0,0.0,0.0
