λ,k,T,x,su
0.0,1.0001,0.001,0.05,0.998739293658253
0.0,1.0001,0.001,0.5,0.9873905535409815
0.0,1.0001,0.001,1.0,0.9747825113114881
0.0,1.0001,0.001,2.0,0.9495867328276956
0.0,1.0001,0.001,5.0,0.8743948486827093
0.0,1.0001,0.01,0.05,0.9960128524396362
0.0,1.0001,0.01,0.5,0.9601357882997887
0.0,1.0001,0.01,1.0,0.9203655789361358
0.0,1.0001,0.01,2.0,0.8415119444158049
0.0,1.0001,0.01,5.0,0.6171166476100551
0.0,1.0001,0.05,0.05,0.991083898151353
0.0,1.0001,0.05,0.5,0.9110020542620301
0.0,1.0001,0.05,1.0,0.8230963268390843
0.0,1.0001,0.05,2.0,0.6547619907501839
0.0,1.0001,0.05,5.0,0.2635811234699908
0.0,1.0001,0.25,0.05,0.9800630472482309
0.0,1.0001,0.25,0.5,0.8026220519700688
0.0,1.0001,0.25,1.0,0.6171166476100551
0.0,1.0001,0.25,2.0,0.3173428676856965
0.0,1.0001,0.25,5.0,0.012421402030826527
0.0,1.0001,1.0,0.05,0.9601357882997887
0.0,1.0001,1.0,0.5,0.6171166476100551
0.0,1.0001,1.0,1.0,0.3173428676856965
0.0,1.0001,1.0,2.0,0.04550704509168561
0.0,1.0001,1.0,5.0,5.734339059093826e-7
0.0,1.5,0.001,0.05,0.999959324095574
0.0,1.5,0.001,0.5,0.9987137831776098
0.0,1.5,0.001,1.0,0.9963626140401456
0.0,1.5,0.001,2.0,0.9897185288123422
0.0,1.5,0.001,5.0,0.959541116498095
0.0,1.5,0.01,0.05,0.9997712636828551
0.0,1.5,0.01,0.5,0.9927705572425857
0.0,1.5,0.01,1.0,0.9795848630923017
0.0,1.5,0.01,2.0,0.9426263281796905
0.0,1.5,0.01,5.0,0.7830434193043936
0.0,1.5,0.05,0.05,0.9992351904163912
0.0,1.5,0.05,0.5,0.9758786049952567
0.0,1.5,0.05,1.0,0.9323186721123949
0.0,1.5,0.05,2.0,0.8145464332533155
0.0,1.5,0.05,5.0,0.40482406311519603
0.0,1.5,0.25,0.05,0.9974429789995806
0.0,1.5,0.25,0.5,0.9202014715205218
0.0,1.5,0.25,1.0,0.7830434193043936
0.0,1.5,0.25,2.0,0.47206289016532815
0.0,1.5,0.25,5.0,0.02534556913018243
0.0,1.5,1.0,0.05,0.9927705572425857
0.0,1.5,1.0,0.5,0.7830434193043936
0.0,1.5,1.0,1.0,0.47206289016532815
0.0,1.5,1.0,2.0,0.08505551486168145
0.0,1.5,1.0,5.0,1.5877834201926793e-6
0.0,2.4,0.001,0.05,0.9999999251506609
0.0,2.4,0.001,0.5,0.9999811999651196
0.0,2.4,0.001,1.0,0.9999007931145028
0.0,2.4,0.001,2.0,0.9994768110818883
0.0,2.4,0.001,5.0,0.9953093849108895
0.0,2.4,0.01,0.05,0.9999988137252003
0.0,2.4,0.01,0.5,0.9997022222924521
0.0,2.4,0.01,1.0,0.9984315299274479
0.0,2.4,0.01,2.0,0.9917889023185972
0.0,2.4,0.01,5.0,0.9300414814580303
0.0,2.4,0.05,0.05,0.9999918165305491
0.0,2.4,0.05,0.5,0.9979513282498351
0.0,2.4,0.05,1.0,0.9892968260905258
0.0,2.4,0.05,2.0,0.9457529738438106
0.0,2.4,0.05,5.0,0.6271710515102779
0.0,2.4,0.25,0.05,0.9999435528199869
0.0,2.4,0.25,0.5,0.9860578430718443
0.0,2.4,0.25,1.0,0.9300414814580303
0.0,2.4,0.25,2.0,0.6962998597584567
0.0,2.4,0.25,5.0,0.06328283631970473
0.0,2.4,1.0,0.05,0.9997022222924519
0.0,2.4,1.0,0.5,0.9300414814580303
0.0,2.4,1.0,1.0,0.6962998597584567
0.0,2.4,1.0,2.0,0.1823012329089661
0.0,2.4,1.0,5.0,6.8278875075436994e-6
0.0,3.0,0.001,0.05,0.9999999989486956
0.0,3.0,0.001,0.5,0.9999989487736269
0.0,3.0,0.001,1.0,0.9999915920809421
0.0,3.0,0.001,2.0,0.9999327971486786
0.0,3.0,0.001,5.0,0.9989565444854543
0.0,3.0,0.01,0.05,0.9999999667550594
0.0,3.0,0.01,0.5,0.9999667797327315
0.0,3.0,0.01,1.0,0.9997348349413445
0.0,3.0,0.01,2.0,0.9978976587119763
0.0,3.0,0.01,5.0,0.9691404042162733
0.0,3.0,0.05,0.05,0.9999996283214139
0.0,3.0,0.05,0.5,0.9996296982165366
0.0,3.0,0.05,1.0,0.99707066723538
0.0,3.0,0.05,2.0,0.9775892977616495
0.0,3.0,0.05,5.0,0.7410388888165294
0.0,3.0,0.25,0.05,0.9999958451303431
0.0,3.0,0.25,0.5,0.9959214070355773
0.0,3.0,0.25,1.0,0.9691404042162733
0.0,3.0,0.25,2.0,0.8012519569012009
0.0,3.0,0.25,5.0,0.10006083311939543
0.0,3.0,1.0,0.05,0.9999667797327315
0.0,3.0,1.0,0.5,0.9691404042162733
0.0,3.0,1.0,1.0,0.8012519569012009
0.0,3.0,1.0,2.0,0.26146412994911095
0.0,3.0,1.0,5.0,1.5440498291101507e-5
0.0,10.0,0.001,0.05,1.0
0.0,10.0,0.001,0.5,1.0
0.0,10.0,0.001,1.0,1.0
0.0,10.0,0.001,2.0,0.9999999999999997
0.0,10.0,0.001,5.0,0.9999999999974833
0.0,10.0,0.01,0.05,1.0
0.0,10.0,0.01,0.5,0.9999999999999998
0.0,10.0,0.01,1.0,0.9999999999999738
0.0,10.0,0.01,2.0,0.9999999999737736
0.0,10.0,0.01,5.0,0.9999997708089785
0.0,10.0,0.05,0.05,1.0
0.0,10.0,0.05,0.5,0.9999999999999211
0.0,10.0,0.05,1.0,0.9999999999202972
0.0,10.0,0.05,2.0,0.9999999233219832
0.0,10.0,0.05,5.0,0.9995260128967542
0.0,10.0,0.25,0.05,0.9999999999999998
0.0,10.0,0.25,0.5,0.9999999997580289
0.0,10.0,0.25,1.0,0.9999997708089785
0.0,10.0,0.25,2.0,0.9998278843700441
0.0,10.0,0.25,5.0,0.7938401487183531
0.0,10.0,1.0,0.05,0.9999999999999998
0.0,10.0,1.0,0.5,0.9999997708089785
0.0,10.0,1.0,1.0,0.9998278843700441
0.0,10.0,1.0,2.0,0.9473469826562888
0.0,10.0,1.0,5.0,0.005345505487134064
0.5,1.0001,0.001,0.1,0.9974787308689183
0.5,1.0001,0.001,0.4,0.9899137773999205
0.5,1.0001,0.001,0.5,0.9873921294919586
0.5,1.0001,0.001,0.75,0.9810884121849266
0.5,1.0001,0.001,1.5,0.9621848356430424
0.5,1.0001,0.01,0.1,0.9920352136905916
0.5,1.0001,0.01,0.4,0.9681443824595546
0.5,1.0001,0.01,0.5,0.9601855459753157
0.5,1.0001,0.01,0.75,0.9403069032091349
0.5,1.0001,0.01,1.5,0.8809394170402415
0.5,1.0001,0.05,0.1,0.9822787608202582
0.5,1.0001,0.05,0.4,0.9291926296705407
0.5,1.0001,0.05,0.5,0.9115542574776755
0.5,1.0001,0.05,0.75,0.8676658689880299
0.5,1.0001,0.05,1.5,0.738930434362553
0.5,1.0001,0.25,0.1,0.9613612753243692
0.5,1.0001,0.25,0.4,0.8463244391777343
0.5,1.0001,0.25,0.5,0.8085712001364825
0.5,1.0001,0.25,0.75,0.7162859407018742
0.5,1.0001,0.25,1.5,0.4672309432585017
0.5,1.0001,1.0,0.1,0.9296936242781348
0.5,1.0001,1.0,0.4,0.7239238811599319
0.5,1.0001,1.0,0.5,0.658692418178623
0.5,1.0001,1.0,0.75,0.5069789857923808
0.5,1.0001,1.0,1.5,0.18142260604169363
0.5,1.5,0.001,0.1,0.9998849657336389
0.5,1.5,0.001,0.4,0.9990797554436835
0.5,1.5,0.001,0.5,0.9987139439331824
0.5,1.5,0.001,0.75,0.9976375223156478
0.5,1.5,0.001,1.5,0.9933203191374346
0.5,1.5,0.01,0.1,0.9993538545573669
0.5,1.5,0.01,0.4,0.9948324947942895
0.5,1.5,0.01,0.5,0.9927795819552595
0.5,1.5,0.01,0.75,0.9867441061921938
0.5,1.5,0.01,1.5,0.962641582309417
0.5,1.5,0.05,0.1,0.9978504405317374
0.5,1.5,0.05,0.4,0.9828308973297637
0.5,1.5,0.05,0.5,0.9760283591946071
0.5,1.5,0.05,0.75,0.9561069587733788
0.5,1.5,0.05,1.5,0.8780420208407612
0.5,1.5,0.25,0.1,0.9929928274456712
0.5,1.5,0.25,0.4,0.9443717505492052
0.5,1.5,0.25,0.5,0.9226137260962497
0.5,1.5,0.25,0.75,0.8600724273897701
0.5,1.5,0.25,1.5,0.6359794597687237
0.5,1.5,1.0,0.1,0.9819772764757112
0.5,1.5,1.0,0.4,0.8596032232307055
0.5,1.5,1.0,0.5,0.8068664931741348
0.5,1.5,1.0,0.75,0.663835687504343
0.5,1.5,1.0,1.5,0.2724130811225329
0.5,2.4,0.001,0.1,0.999999604993007
0.5,2.4,0.001,0.4,0.9999889964961748
0.5,2.4,0.001,0.5,0.9999812023148439
0.5,2.4,0.001,0.75,0.9999502622214672
0.5,2.4,0.001,1.5,0.9997376031963564
0.5,2.4,0.01,0.1,0.999993746753406
0.5,2.4,0.01,0.4,0.9998258706157612
0.5,2.4,0.01,0.5,0.9997025940708564
0.5,2.4,0.01,0.75,0.9992136805849541
0.5,2.4,0.01,1.5,0.9958687990411903
0.5,2.4,0.05,0.1,0.999957080860354
0.5,2.4,0.05,0.4,0.9988068046583082
0.5,2.4,0.05,0.5,0.9979640564013351
0.5,2.4,0.05,0.75,0.994635288653818
0.5,2.4,0.05,1.5,0.972322547325339
0.5,2.4,0.25,0.1,0.9997113788256623
0.5,2.4,0.25,0.4,0.9920392765130135
0.5,2.4,0.25,0.5,0.9864808254770348
0.5,2.4,0.25,0.75,0.9649554873869637
0.5,2.4,0.25,1.5,0.8341899922781968
0.5,2.4,1.0,0.1,0.9986154370300196
0.5,2.4,1.0,0.4,0.962810149500982
0.5,2.4,1.0,0.5,0.9378301046622957
0.5,2.4,1.0,0.75,0.8472864866491496
0.5,2.4,1.0,1.5,0.44655466139924505
0.5,3.0,0.001,0.1,0.9999999915906348
0.5,3.0,0.001,0.4,0.9999994618248388
0.5,3.0,0.001,0.5,0.9999989489050155
0.5,3.0,0.001,0.75,0.999996452886949
0.5,3.0,0.001,1.5,0.9999716374554134
0.5,3.0,0.01,0.1,0.999999734378686
0.5,3.0,0.01,0.4,0.9999830078773361
0.5,3.0,0.01,0.5,0.9999668212113892
0.5,3.0,0.01,0.75,0.9998881264072954
0.5,3.0,0.01,1.5,0.9991095233149858
0.5,3.0,0.05,0.1,0.9999970454278423
0.5,3.0,0.05,0.4,0.9998113304910085
0.5,3.0,0.05,0.5,0.9996319996394312
0.5,3.0,0.05,0.75,0.9987637762224164
0.5,3.0,0.05,1.5,0.9903554120027975
0.5,3.0,0.25,0.1,0.9999678013098774
0.5,3.0,0.25,0.4,0.9979618326587567
0.5,3.0,0.25,0.5,0.9960453532745195
0.5,3.0,0.25,0.75,0.9869541777960854
0.5,3.0,0.25,1.5,0.9075712016380684
0.5,3.0,1.0,0.1,0.9997659341834452
0.5,3.0,1.0,0.4,0.9856225577803022
0.5,3.0,1.0,0.5,0.9725983656960356
0.5,3.0,1.0,0.75,0.9149815108115861
0.5,3.0,1.0,1.5,0.557364901891546
0.5,10.0,0.001,0.1,1.0
0.5,10.0,0.001,0.4,1.0
0.5,10.0,0.001,0.5,1.0
0.5,10.0,0.001,0.75,1.0
0.5,10.0,0.001,1.5,1.0
0.5,10.0,0.01,0.1,0.9999999999999999
0.5,10.0,0.01,0.4,1.0
0.5,10.0,0.01,0.5,1.0
0.5,10.0,0.01,0.75,0.9999999999999987
0.5,10.0,0.01,1.5,0.9999999999985143
0.5,10.0,0.05,0.1,1.0
0.5,10.0,0.05,0.4,0.9999999999999915
0.5,10.0,0.05,0.5,0.9999999999999215
0.5,10.0,0.05,0.75,0.9999999999954988
0.5,10.0,0.05,1.5,0.9999999955496047
0.5,10.0,0.25,0.1,1.0
0.5,10.0,0.25,0.4,0.9999999999745782
0.5,10.0,0.25,0.5,0.9999999997654355
0.5,10.0,0.25,0.75,0.9999999869038703
0.5,10.0,0.25,1.5,0.9999887306239608
0.5,10.0,1.0,0.1,0.999999999999977
0.5,10.0,1.0,0.4,0.9999999774171391
0.5,10.0,1.0,0.5,0.9999997972139126
0.5,10.0,1.0,0.75,0.9999896942589378
0.5,10.0,1.0,1.5,0.9946195998528823
3.0,1.0001,0.001,0.6000000000000001,0.984936595682516
3.0,1.0001,0.001,2.4000000000000004,0.9397917348387872
3.0,1.0001,0.001,3.0,0.9247782175664302
3.0,1.0001,0.001,4.5,0.8873718323876361
3.0,1.0001,0.001,9.0,0.7769623224622126
3.0,1.0001,0.01,0.6000000000000001,0.9542729758514819
3.0,1.0001,0.01,2.4000000000000004,0.8185533372291399
3.0,1.0001,0.01,3.0,0.7742887654743564
3.0,1.0001,0.01,4.5,0.6670491741057062
3.0,1.0001,0.01,9.0,0.389357106553948
3.0,1.0001,0.05,0.6000000000000001,0.9146820754472097
3.0,1.0001,0.05,2.4000000000000004,0.6670220396196515
3.0,1.0001,0.05,3.0,0.5898900085994059
3.0,1.0001,0.05,4.5,0.41545251502854
3.0,1.0001,0.05,9.0,0.09350945224455828
3.0,1.0001,0.25,0.6000000000000001,0.9208732271667267
3.0,1.0001,0.25,2.4000000000000004,0.6213945913087355
3.0,1.0001,0.25,3.0,0.5013646620141287
3.0,1.0001,0.25,4.5,0.2267244275374947
3.0,1.0001,0.25,9.0,0.001349982299329075
3.0,1.0001,1.0,0.6000000000000001,0.9919624106437406
3.0,1.0001,1.0,2.4000000000000004,0.7257532694079347
3.0,1.0001,1.0,3.0,0.5000067825655433
3.0,1.0001,1.0,4.5,0.06680897431473891
3.0,1.0001,1.0,9.0,9.866435908525232e-10
3.0,1.5,0.001,0.6000000000000001,0.9983168543705869
3.0,1.5,0.001,2.4000000000000004,0.9865503088059719
3.0,1.5,0.001,3.0,0.9812164426317309
3.0,1.5,0.001,4.5,0.9655748669628396
3.0,1.5,0.001,9.0,0.9038763384704894
3.0,1.5,0.01,0.6000000000000001,0.9909165423085791
3.0,1.5,0.01,2.4000000000000004,0.9281161533329106
3.0,1.5,0.01,3.0,0.90018811532483
3.0,1.5,0.01,4.5,0.8206848758925033
3.0,1.5,0.01,9.0,0.5485608362325163
3.0,1.5,0.05,0.6000000000000001,0.9746808867652266
3.0,1.5,0.05,2.4000000000000004,0.8054260540768075
3.0,1.5,0.05,3.0,0.7344814212910191
3.0,1.5,0.05,4.5,0.5502256589003044
3.0,1.5,0.05,9.0,0.1383857288412044
3.0,1.5,0.25,0.6000000000000001,0.9651639364573059
3.0,1.5,0.25,2.4000000000000004,0.6983854950596146
3.0,1.5,0.25,3.0,0.5742861789440773
3.0,1.5,0.25,4.5,0.272136817957983
3.0,1.5,0.25,9.0,0.0018291443409478372
3.0,1.5,1.0,0.6000000000000001,0.9953086013513928
3.0,1.5,1.0,2.4000000000000004,0.7565871125571818
3.0,1.5,1.0,3.0,0.5338657438073384
3.0,1.5,1.0,4.5,0.0761326108435752
3.0,1.5,1.0,9.0,1.308609407535171e-9
3.0,2.4,0.001,0.6000000000000001,0.9999710114527289
3.0,2.4,0.001,2.4000000000000004,0.9991936318418545
3.0,2.4,0.001,3.0,0.9986236297349758
3.0,2.4,0.001,4.5,0.9963689838577499
3.0,2.4,0.001,9.0,0.9811480024470979
3.0,2.4,0.01,0.6000000000000001,0.9995591715179636
3.0,2.4,0.01,2.4000000000000004,0.9878920577394578
3.0,2.4,0.01,3.0,0.9794893565553499
3.0,2.4,0.01,4.5,0.9472890254212984
3.0,2.4,0.01,9.0,0.7614840466573718
3.0,2.4,0.05,0.6000000000000001,0.997467557724492
3.0,2.4,0.05,2.4000000000000004,0.9335180582949457
3.0,2.4,0.05,3.0,0.8903536640903856
3.0,2.4,0.05,4.5,0.7426382518013032
3.0,2.4,0.05,9.0,0.24028002061701703
3.0,2.4,0.25,0.6000000000000001,0.992880673766262
3.0,2.4,0.25,2.4000000000000004,0.8121735311455681
3.0,2.4,0.25,3.0,0.695294993924912
3.0,2.4,0.25,4.5,0.36277416606809376
3.0,2.4,0.25,9.0,0.003087379856425404
3.0,2.4,1.0,0.6000000000000001,0.9983558492676282
3.0,2.4,1.0,2.4000000000000004,0.8070482060224925
3.0,2.4,1.0,3.0,0.5940241839196375
3.0,2.4,1.0,4.5,0.09534416658848067
3.0,2.4,1.0,9.0,2.1632447098613754e-9
3.0,3.0,0.001,0.6000000000000001,0.9999981916958868
3.0,3.0,0.001,2.4000000000000004,0.9998844552758679
3.0,3.0,0.001,3.0,0.9997745452092455
3.0,3.0,0.001,4.5,0.9992416440183105
3.0,3.0,0.001,9.0,0.9940420806572718
3.0,3.0,0.01,0.6000000000000001,0.9999451376527572
3.0,3.0,0.01,2.4000000000000004,0.9965434613907168
3.0,3.0,0.01,3.0,0.9933120427821837
3.0,3.0,0.01,4.5,0.9781493225169073
3.0,3.0,0.01,9.0,0.8527846143337374
3.0,3.0,0.05,0.6000000000000001,0.9994894730201697
3.0,3.0,0.05,2.4000000000000004,0.9694856810027616
3.0,3.0,0.05,3.0,0.9427740412106806
3.0,3.0,0.05,4.5,0.831863784966845
3.0,3.0,0.05,9.0,0.3190420340445845
3.0,3.0,0.25,0.6000000000000001,0.9976845800127634
3.0,3.0,0.25,2.4000000000000004,0.8686896497560608
3.0,3.0,0.25,3.0,0.7643568526912927
3.0,3.0,0.25,4.5,0.4272389939770267
3.0,3.0,0.25,9.0,0.004304460575587399
3.0,3.0,1.0,0.6000000000000001,0.9992224487871377
3.0,3.0,1.0,2.4000000000000004,0.8368217212889132
3.0,3.0,1.0,3.0,0.6329807590951041
3.0,3.0,1.0,4.5,0.10997973315743918
3.0,3.0,1.0,9.0,3.011881902649699e-9
3.0,10.0,0.001,0.6000000000000001,1.0
3.0,10.0,0.001,2.4000000000000004,0.9999999999999982
3.0,10.0,0.001,3.0,0.9999999999999847
3.0,10.0,0.001,4.5,0.9999999999991247
3.0,10.0,0.001,9.0,0.9999999991260181
3.0,10.0,0.01,0.6000000000000001,0.9999999999999999
3.0,10.0,0.01,2.4000000000000004,0.9999999998458612
3.0,10.0,0.01,3.0,0.9999999985835307
3.0,10.0,0.01,4.5,0.9999999220204983
3.0,10.0,0.01,9.0,0.9999377692846692
3.0,10.0,0.05,0.6000000000000001,0.99999999999961
3.0,10.0,0.05,2.4000000000000004,0.9999996325266599
3.0,10.0,0.05,3.0,0.9999967904220369
3.0,10.0,0.05,4.5,0.9998517563842373
3.0,10.0,0.05,9.0,0.952891307188415
3.0,10.0,0.25,0.6000000000000001,0.9999999995150679
3.0,10.0,0.25,2.4000000000000004,0.99967062389369
3.0,10.0,0.25,3.0,0.9976320770902087
3.0,10.0,0.25,4.5,0.9437031424639512
3.0,10.0,0.25,9.0,0.08256250451220146
3.0,10.0,1.0,0.6000000000000001,0.9999999827938818
3.0,10.0,1.0,2.4000000000000004,0.9890932323155069
3.0,10.0,1.0,3.0,0.9346821592596474
3.0,10.0,1.0,4.5,0.3892958938114461
3.0,10.0,1.0,9.0,1.1216295732223931e-7
10.0,1.0001,0.001,2.0,0.9520422216555336
10.0,1.0001,0.001,8.0,0.8098545551202092
10.0,1.0001,0.001,10.0,0.7635807502454729
10.0,1.0001,0.001,15.0,0.651820761620037
10.0,1.0001,0.001,30.0,0.36652914838500705
10.0,1.0001,0.01,2.0,0.9032334419670729
10.0,1.0001,0.01,8.0,0.6152164024345654
10.0,1.0001,0.01,10.0,0.5227744865363758
10.0,1.0001,0.01,15.0,0.31476405603649354
10.0,1.0001,0.01,30.0,0.02278339384175188
10.0,1.0001,0.05,2.0,0.9668301559835621
10.0,1.0001,0.05,8.0,0.6726775382057923
10.0,1.0001,0.05,10.0,0.500013138036025
10.0,1.0001,0.05,15.0,0.1317802157807325
10.0,1.0001,0.05,30.0,3.87233316539913e-6
10.0,1.0001,0.25,2.0,0.999968332532431
10.0,1.0001,0.25,8.0,0.8413474689364602
10.0,1.0001,0.25,10.0,0.5000040166864769
10.0,1.0001,0.25,15.0,0.0062098081081405545
10.0,1.0001,0.25,30.0,7.592549273601649e-24
10.0,1.0001,1.0,2.0,0.9999999999999993
10.0,1.0001,1.0,8.0,0.9772501698747412
10.0,1.0001,1.0,10.0,0.5000019980560853
10.0,1.0001,1.0,15.0,2.924040106155105e-7
10.0,1.0001,1.0,30.0,2.7514266093734506e-89
10.0,1.5,0.001,2.0,0.9902194034419143
10.0,1.5,0.001,8.0,0.9226855242602282
10.0,1.5,0.001,10.0,0.8927188246060723
10.0,1.5,0.001,15.0,0.8077031682315963
10.0,1.5,0.001,30.0,0.521348017123127
10.0,1.5,0.01,2.0,0.9650027242666851
10.0,1.5,0.01,8.0,0.7324832314808903
10.0,1.5,0.01,10.0,0.6368738668884641
10.0,1.5,0.01,15.0,0.4009757098522899
10.0,1.5,0.01,30.0,0.03192607218084073
10.0,1.5,0.05,2.0,0.9825493382964552
10.0,1.5,0.05,8.0,0.718507833782411
10.0,1.5,0.05,10.0,0.5462204556697832
10.0,1.5,0.05,15.0,0.15262549897626643
10.0,1.5,0.05,30.0,5.166506426854367e-6
10.0,1.5,0.25,2.0,0.9999797403792102
10.0,1.5,0.25,8.0,0.8545777984030528
10.0,1.5,0.25,10.0,0.5200748626266102
10.0,1.5,0.25,15.0,0.00696087691474609
10.0,1.5,0.25,30.0,9.99176572540497e-24
10.0,1.5,1.0,2.0,0.9999999999999996
10.0,1.5,1.0,8.0,0.9787174367728093
10.0,1.5,1.0,10.0,0.5099892337287911
10.0,1.5,1.0,15.0,3.2358892926370955e-7
10.0,1.5,1.0,30.0,3.6208812103071955e-89
10.0,2.4,0.001,2.0,0.9995023046911071
10.0,2.4,0.001,8.0,0.9863506270072466
10.0,2.4,0.001,10.0,0.9768988739978475
10.0,2.4,0.001,15.0,0.9408138445934723
10.0,2.4,0.001,30.0,0.7363601668831008
10.0,2.4,0.01,2.0,0.9949971089514295
10.0,2.4,0.01,8.0,0.8733248130604927
10.0,2.4,0.01,10.0,0.7956173326608266
10.0,2.4,0.01,15.0,0.5555104892990381
10.0,2.4,0.01,30.0,0.055300729479462796
10.0,2.4,0.05,2.0,0.9950286023091754
10.0,2.4,0.05,8.0,0.7921817061654784
10.0,2.4,0.05,10.0,0.6273044463624979
10.0,2.4,0.05,15.0,0.19528194960125553
10.0,2.4,0.05,30.0,8.592468317706318e-6
10.0,2.4,0.25,2.0,0.9999912285704312
10.0,2.4,0.25,8.0,0.8764832998721849
10.0,2.4,0.25,10.0,0.5560459877149568
10.0,2.4,0.25,15.0,0.008516430851101254
10.0,2.4,0.25,30.0,1.6380768119146155e-23
10.0,2.4,1.0,2.0,0.9999999999999998
10.0,2.4,1.0,8.0,0.9811577537474351
10.0,2.4,1.0,10.0,0.5279498229550412
10.0,2.4,1.0,15.0,3.8833769373258375e-7
10.0,2.4,1.0,30.0,5.936330414693148e-89
10.0,3.0,0.001,2.0,0.9999360721139473
10.0,3.0,0.001,8.0,0.9959790584799065
10.0,3.0,0.001,10.0,0.9922277945082925
10.0,3.0,0.001,15.0,0.9746944205204925
10.0,3.0,0.001,30.0,0.832521067508464
10.0,3.0,0.01,2.0,0.9987197694165815
10.0,3.0,0.01,8.0,0.9272825642265905
10.0,3.0,0.01,10.0,0.8677014458364238
10.0,3.0,0.01,15.0,0.6492842303224935
10.0,3.0,0.01,30.0,0.07663893947743511
10.0,3.0,0.05,2.0,0.9979719974416419
10.0,3.0,0.05,8.0,0.83404814477072
10.0,3.0,0.05,10.0,0.6784081838125362
10.0,3.0,0.05,15.0,0.22727350307773153
10.0,3.0,0.05,30.0,1.1972019171236513e-5
10.0,3.0,0.25,2.0,0.9999950945747309
10.0,3.0,0.25,8.0,0.8897388909723716
10.0,3.0,0.25,10.0,0.5797884560802862
10.0,3.0,0.25,15.0,0.009715325424488722
10.0,3.0,0.25,30.0,2.2774857745256998e-23
10.0,3.0,1.0,2.0,0.9999999999999999
10.0,3.0,1.0,8.0,0.9826489647031396
10.0,3.0,1.0,10.0,0.5398942280401449
10.0,3.0,1.0,15.0,4.385376552611758e-7
10.0,3.0,1.0,30.0,8.2537919219834e-89
10.0,10.0,0.001,2.0,0.9999999999999999
10.0,10.0,0.001,8.0,0.9999999997409446
10.0,10.0,0.001,10.0,0.9999999976228864
10.0,10.0,0.001,15.0,0.9999998697995667
10.0,10.0,0.001,30.0,0.9998988860999137
10.0,10.0,0.01,2.0,0.9999999999840666
10.0,10.0,0.01,8.0,0.9999866485676804
10.0,10.0,0.01,10.0,0.9998912340709041
10.0,10.0,0.01,15.0,0.9960430042855998
10.0,10.0,0.01,30.0,0.612145960294358
10.0,10.0,0.05,2.0,0.9999999934395476
10.0,10.0,0.05,8.0,0.9964116115732167
10.0,10.0,0.05,10.0,0.9777243364563626
10.0,10.0,0.05,15.0,0.6944014426556328
10.0,10.0,0.05,30.0,0.00037169503332625106
10.0,10.0,0.25,2.0,0.9999999983166394
10.0,10.0,0.25,8.0,0.977922451285192
10.0,10.0,0.25,10.0,0.8172261759464622
10.0,10.0,0.25,15.0,0.038461486742619753
10.0,10.0,0.25,30.0,1.0636893033005411e-21
10.0,10.0,1.0,2.0,1.0
10.0,10.0,1.0,8.0,0.9938483220633911
10.0,10.0,1.0,10.0,0.6739028179369191
10.0,10.0,1.0,15.0,1.807969572254978e-6
10.0,10.0,1.0,30.0,3.8596058463890404e-87
50.0,1.0001,0.001,10.0,0.9259495874630551
50.0,1.0001,0.001,40.0,0.6263135208335927
50.0,1.0001,0.001,50.0,0.5007965264201503
50.0,1.0001,0.001,75.0,0.21464416191769792
50.0,1.0001,0.001,150.0,0.0007827490409016125
50.0,1.0001,0.01,10.0,0.999968332532431
50.0,1.0001,0.01,40.0,0.8413474689364602
50.0,1.0001,0.01,50.0,0.5000040166864769
50.0,1.0001,0.01,75.0,0.0062098081081405545
50.0,1.0001,0.01,150.0,7.592549273601649e-24
50.0,1.0001,0.05,10.0,1.0
50.0,1.0001,0.05,40.0,0.9873265043305474
50.0,1.0001,0.05,50.0,0.5000017865144656
50.0,1.0001,0.05,75.0,1.1529817316443428e-8
50.0,1.0001,0.05,150.0,4.749731596409072e-111
50.0,1.0001,0.25,10.0,1.0
50.0,1.0001,0.25,40.0,0.9999997133517466
50.0,1.0001,0.25,50.0,0.500000798097529
50.0,1.0001,0.25,75.0,3.7462190221549575e-36
50.0,1.0001,0.25,150.0,0.0
50.0,1.0001,1.0,10.0,1.0
50.0,1.0001,1.0,40.0,1.0
50.0,1.0001,1.0,50.0,0.5000003989691382
50.0,1.0001,1.0,75.0,3.059593037204208e-138
50.0,1.0001,1.0,150.0,0.0
50.0,1.5,0.001,10.0,0.966579763573881
50.0,1.5,0.001,40.0,0.6983252371829518
50.0,1.5,0.001,50.0,0.5692751307088911
50.0,1.5,0.001,75.0,0.25609859878526026
50.0,1.5,0.001,150.0,0.0010576781769165097
50.0,1.5,0.01,10.0,0.9999797403792102
50.0,1.5,0.01,40.0,0.8545777984030528
50.0,1.5,0.01,50.0,0.5200748626266102
50.0,1.5,0.01,75.0,0.00696087691474609
50.0,1.5,0.01,150.0,9.99176572540497e-24
50.0,1.5,0.05,10.0,1.0
50.0,1.5,0.05,40.0,0.9881221833666758
50.0,1.5,0.05,50.0,0.5089318244980277
50.0,1.5,0.05,75.0,1.27595127114574e-8
50.0,1.5,0.05,150.0,6.250653916224694e-111
50.0,1.5,0.25,10.0,1.0
50.0,1.5,0.25,40.0,0.9999997294867989
50.0,1.5,0.25,50.0,0.5039904211038124
50.0,1.5,0.25,75.0,4.145787922769991e-36
50.0,1.5,0.25,150.0,0.0
50.0,1.5,1.0,10.0,1.0
50.0,1.5,1.0,40.0,1.0
50.0,1.5,1.0,50.0,0.5019948361010009
50.0,1.5,1.0,75.0,3.3859276062671935e-138
50.0,1.5,1.0,150.0,0.0
50.0,2.4,0.001,10.0,0.9928519607935583
50.0,2.4,0.001,40.0,0.8066948203393095
50.0,2.4,0.001,50.0,0.6843783823509327
50.0,2.4,0.001,75.0,0.3393004754017844
50.0,2.4,0.001,150.0,0.0017807358621936265
50.0,2.4,0.01,10.0,0.9999912285704312
50.0,2.4,0.01,40.0,0.8764832998721849
50.0,2.4,0.01,50.0,0.5560459877149568
50.0,2.4,0.01,75.0,0.008516430851101254
50.0,2.4,0.01,150.0,1.6380768119146155e-23
50.0,2.4,0.05,10.0,1.0
50.0,2.4,0.05,40.0,0.9894459219686008
50.0,2.4,0.05,50.0,0.5249947946148876
50.0,2.4,0.05,75.0,1.531295824439802e-8
50.0,2.4,0.05,150.0,1.0247773594761925e-110
50.0,2.4,0.25,10.0,1.0
50.0,2.4,0.25,40.0,0.9999997563550413
50.0,2.4,0.25,50.0,0.511171904305278
50.0,2.4,0.25,75.0,4.975623532893078e-36
50.0,2.4,0.25,150.0,0.0
50.0,2.4,1.0,10.0,1.0
50.0,2.4,1.0,40.0,1.0
50.0,2.4,1.0,50.0,0.5055853818623983
50.0,2.4,1.0,75.0,4.063672455950691e-138
50.0,2.4,1.0,150.0,0.0
50.0,3.0,0.001,10.0,0.9976027323681774
50.0,3.0,0.001,40.0,0.8619103395856901
50.0,3.0,0.001,50.0,0.7513958800105134
50.0,3.0,0.001,75.0,0.3991304849806172
50.0,3.0,0.001,150.0,0.0024827740564302265
50.0,3.0,0.01,10.0,0.9999950945747309
50.0,3.0,0.01,40.0,0.8897388909723716
50.0,3.0,0.01,50.0,0.5797884560802862
50.0,3.0,0.01,75.0,0.009715325424488722
50.0,3.0,0.01,150.0,2.2774857745256998e-23
50.0,3.0,0.05,10.0,1.0
50.0,3.0,0.05,40.0,0.9902553371736512
50.0,3.0,0.05,50.0,0.535682482323055
50.0,3.0,0.05,75.0,1.729287966040484e-8
50.0,3.0,0.05,150.0,1.424837399636645e-110
50.0,3.0,0.25,10.0,1.0
50.0,3.0,0.25,40.0,0.9999997728172088
50.0,3.0,0.25,50.0,0.5159576912160522
50.0,3.0,0.25,75.0,5.619195380784515e-36
50.0,3.0,0.25,150.0,0.0
50.0,3.0,1.0,10.0,1.0
50.0,3.0,1.0,40.0,1.0
50.0,3.0,1.0,50.0,0.5079788456078196
50.0,3.0,1.0,75.0,4.5892955351798133e-138
50.0,3.0,1.0,150.0,0.0
50.0,10.0,0.001,10.0,0.9999999992768457
50.0,10.0,0.001,40.0,0.9995247937244098
50.0,10.0,0.001,50.0,0.9966511422192782
50.0,10.0,0.001,75.0,0.9256545941814499
50.0,10.0,0.001,150.0,0.051814135041907745
50.0,10.0,0.01,10.0,0.9999999983166394
50.0,10.0,0.01,40.0,0.977922451285192
50.0,10.0,0.01,50.0,0.8172261759464622
50.0,10.0,0.01,75.0,0.038461486742619753
50.0,10.0,0.01,150.0,1.0636893033005411e-21
50.0,10.0,0.05,10.0,1.0
50.0,10.0,0.05,40.0,0.9963847544576152
50.0,10.0,0.05,50.0,0.6565293514085686
50.0,10.0,0.05,75.0,7.136134629715678e-8
50.0,10.0,0.05,150.0,6.6629621105568805e-109
50.0,10.0,0.25,10.0,1.0
50.0,10.0,0.25,40.0,0.9999999008436233
50.0,10.0,0.25,50.0,0.5714424223549763
50.0,10.0,0.25,75.0,2.3225492188557295e-35
50.0,10.0,0.25,150.0,0.0
50.0,10.0,1.0,10.0,1.0
50.0,10.0,1.0,40.0,1.0
50.0,10.0,1.0,50.0,0.5358587723048862
50.0,10.0,1.0,75.0,1.8969839118681143e-137
50.0,10.0,1.0,150.0,0.0
100.0,1.0001,0.001,20.0,0.9943684548966047
100.0,1.0001,0.001,80.0,0.7364612701931765
100.0,1.0001,0.001,100.0,0.5000064202072946
100.0,1.0001,0.001,150.0,0.05692463144387513
100.0,1.0001,0.001,300.0,1.2698859372316423e-10
100.0,1.0001,0.01,20.0,0.9999999999999993
100.0,1.0001,0.01,80.0,0.9772501698747412
100.0,1.0001,0.01,100.0,0.5000019980560853
100.0,1.0001,0.01,150.0,2.924040106155105e-7
100.0,1.0001,0.01,300.0,2.7514266093734506e-89
100.0,1.0001,0.05,20.0,1.0
100.0,1.0001,0.05,80.0,0.9999961279369891
100.0,1.0001,0.05,100.0,0.5000008923597627
100.0,1.0001,0.05,150.0,2.55628492869596e-29
100.0,1.0001,0.05,300.0,0.0
100.0,1.0001,0.25,20.0,1.0
100.0,1.0001,0.25,80.0,1.0
100.0,1.0001,0.25,100.0,0.5000003989691382
100.0,1.0001,0.25,150.0,3.059593037204208e-138
100.0,1.0001,0.25,300.0,0.0
100.0,1.0001,1.0,20.0,1.0
100.0,1.0001,1.0,80.0,1.0
100.0,1.0001,1.0,100.0,0.5000001994700947
100.0,1.0001,1.0,150.0,0.0
100.0,1.0001,1.0,300.0,0.0
100.0,1.5,0.001,20.0,0.9966642905638058
100.0,1.5,0.001,80.0,0.7650616637761848
100.0,1.5,0.001,100.0,0.5320647736545432
100.0,1.5,0.001,150.0,0.0647205097250279
100.0,1.5,0.001,300.0,1.683003268130805e-10
100.0,1.5,0.01,20.0,0.9999999999999996
100.0,1.5,0.01,80.0,0.9787174367728093
100.0,1.5,0.01,100.0,0.5099892337287911
100.0,1.5,0.01,150.0,3.2358892926370955e-7
100.0,1.5,0.01,300.0,3.6208812103071955e-89
100.0,1.5,0.05,20.0,1.0
100.0,1.5,0.05,80.0,0.9999963477204783
100.0,1.5,0.05,100.0,0.5044617057873462
100.0,1.5,0.05,150.0,2.8289360137159154e-29
100.0,1.5,0.05,300.0,0.0
100.0,1.5,0.25,20.0,1.0
100.0,1.5,0.25,80.0,1.0
100.0,1.5,0.25,100.0,0.5019948361010009
100.0,1.5,0.25,150.0,3.3859276062671935e-138
100.0,1.5,0.25,300.0,0.0
100.0,1.5,1.0,20.0,1.0
100.0,1.5,1.0,80.0,1.0
100.0,1.5,1.0,100.0,0.5009973712819153
100.0,1.5,1.0,150.0,0.0
100.0,1.5,1.0,300.0,0.0
100.0,2.4,0.001,20.0,0.9987938212300317
100.0,2.4,0.001,80.0,0.8119578413972454
100.0,2.4,0.001,100.0,0.5891045647538082
100.0,2.4,0.001,150.0,0.08079730369582257
100.0,2.4,0.001,300.0,2.779959040989455e-10
100.0,2.4,0.01,20.0,0.9999999999999998
100.0,2.4,0.01,80.0,0.9811577537474351
100.0,2.4,0.01,100.0,0.5279498229550412
100.0,2.4,0.01,150.0,3.8833769373258375e-7
100.0,2.4,0.01,300.0,5.936330414693148e-89
100.0,2.4,0.05,20.0,1.0
100.0,2.4,0.05,80.0,0.9999967136848182
100.0,2.4,0.05,100.0,0.5124909941609482
100.0,2.4,0.05,150.0,3.3951830772193233e-29
100.0,2.4,0.05,300.0,0.0
100.0,2.4,0.25,20.0,1.0
100.0,2.4,0.25,80.0,1.0
100.0,2.4,0.25,100.0,0.5055853818623983
100.0,2.4,0.25,150.0,4.063672455950691e-138
100.0,2.4,0.25,300.0,0.0
100.0,2.4,1.0,20.0,1.0
100.0,2.4,1.0,80.0,1.0
100.0,2.4,1.0,100.0,0.5027926197007463
100.0,2.4,1.0,150.0,0.0
100.0,2.4,1.0,300.0,0.0
100.0,3.0,0.001,20.0,0.9994161183418385
100.0,3.0,0.001,80.0,0.8397436757114425
100.0,3.0,0.001,100.0,0.6261566259679608
100.0,3.0,0.001,150.0,0.09306762753696259
100.0,3.0,0.001,300.0,3.870095921253489e-10
100.0,3.0,0.01,20.0,0.9999999999999999
100.0,3.0,0.01,80.0,0.9826489647031396
100.0,3.0,0.01,100.0,0.5398942280401449
100.0,3.0,0.01,150.0,4.385376552611758e-7
100.0,3.0,0.01,300.0,8.2537919219834e-89
100.0,3.0,0.05,20.0,1.0
100.0,3.0,0.05,80.0,0.9999969378828801
100.0,3.0,0.05,100.0,0.5178412411615252
100.0,3.0,0.05,150.0,3.8343291392745095e-29
100.0,3.0,0.05,300.0,0.0
100.0,3.0,0.25,20.0,1.0
100.0,3.0,0.25,80.0,1.0
100.0,3.0,0.25,100.0,0.5079788456078196
100.0,3.0,0.25,150.0,4.5892955351798133e-138
100.0,3.0,0.25,300.0,0.0
100.0,3.0,1.0,20.0,1.0
100.0,3.0,1.0,80.0,1.0
100.0,3.0,1.0,100.0,0.5039894227957973
100.0,3.0,1.0,150.0,0.0
100.0,3.0,1.0,300.0,0.0
100.0,10.0,0.001,20.0,0.9999999820735028
100.0,10.0,0.001,80.0,0.9874498124436292
100.0,10.0,0.001,100.0,0.9242730961511811
100.0,10.0,0.001,150.0,0.33557811854000746
100.0,10.0,0.001,300.0,1.4744782587507861e-8
100.0,10.0,0.01,20.0,1.0
100.0,10.0,0.01,80.0,0.9938483220633911
100.0,10.0,0.01,100.0,0.6739028179369191
100.0,10.0,0.01,150.0,1.807969572254978e-6
100.0,10.0,0.01,300.0,3.8596058463890404e-87
100.0,10.0,0.05,20.0,1.0
100.0,10.0,0.05,80.0,0.9999986785622992
100.0,10.0,0.05,100.0,0.5797729241003016
100.0,10.0,0.05,150.0,1.584762031274001e-28
100.0,10.0,0.05,300.0,0.0
100.0,10.0,0.25,20.0,1.0
100.0,10.0,0.25,80.0,1.0
100.0,10.0,0.25,100.0,0.5358587723048862
100.0,10.0,0.25,150.0,1.8969839118681143e-137
100.0,10.0,0.25,300.0,0.0
100.0,10.0,1.0,20.0,1.0
100.0,10.0,1.0,80.0,1.0
100.0,10.0,1.0,100.0,0.517946644286581
100.0,10.0,1.0,150.0,0.0
100.0,10.0,1.0,300.0,0.0
250.0,1.0001,0.001,50.0,0.9999999998730291
250.0,1.0001,0.001,200.0,0.9430776602497911
250.0,1.0001,0.001,250.0,0.5000025299266033
250.0,1.0001,0.001,375.0,3.861422717202606e-5
250.0,1.0001,0.001,750.0,1.2966787929139259e-56
250.0,1.0001,0.01,50.0,1.0
250.0,1.0001,0.01,200.0,0.9999997133517466
250.0,1.0001,0.01,250.0,0.500000798097529
250.0,1.0001,0.01,375.0,3.7462190221549575e-36
250.0,1.0001,0.01,750.0,0.0
250.0,1.0001,0.05,50.0,1.0
250.0,1.0001,0.05,200.0,1.0
250.0,1.0001,0.05,250.0,0.5000003568436594
250.0,1.0001,0.05,375.0,3.221144377145449e-172
250.0,1.0001,0.05,750.0,0.0
250.0,1.0001,0.25,50.0,1.0
250.0,1.0001,0.25,200.0,1.0
250.0,1.0001,0.25,250.0,0.5000001595740744
250.0,1.0001,0.25,375.0,0.0
250.0,1.0001,0.25,750.0,0.0
250.0,1.0001,1.0,50.0,1.0
250.0,1.0001,1.0,200.0,1.0
250.0,1.0001,1.0,250.0,0.5000000796470363
250.0,1.0001,1.0,375.0,0.0
250.0,1.0001,1.0,750.0,0.0
250.0,1.5,0.001,50.0,0.9999999999165533
250.0,1.5,0.001,200.0,0.9470113447179268
250.0,1.5,0.001,250.0,0.5126475050155876
250.0,1.5,0.001,375.0,4.2977627108598996e-5
250.0,1.5,0.001,750.0,1.7064303808762236e-56
250.0,1.5,0.01,50.0,1.0
250.0,1.5,0.01,200.0,0.9999997294867989
250.0,1.5,0.01,250.0,0.5039904211038124
250.0,1.5,0.01,375.0,4.145787922769991e-36
250.0,1.5,0.01,750.0,0.0
250.0,1.5,0.05,50.0,1.0
250.0,1.5,0.05,200.0,1.0
250.0,1.5,0.05,250.0,0.501784213339521
250.0,1.5,0.05,375.0,3.564709943487824e-172
250.0,1.5,0.05,750.0,0.0
250.0,1.5,0.25,50.0,1.0
250.0,1.5,0.25,200.0,1.0
250.0,1.5,0.25,250.0,0.5007978925282879
250.0,1.5,0.25,375.0,0.0
250.0,1.5,0.25,750.0,0.0
250.0,1.5,1.0,50.0,1.0
250.0,1.5,1.0,200.0,1.0
250.0,1.5,1.0,250.0,0.5003989432603018
250.0,1.5,1.0,375.0,0.0
250.0,1.5,1.0,750.0,0.0
250.0,2.4,0.001,50.0,0.999999999961306
250.0,2.4,0.001,200.0,0.9535479581776045
250.0,2.4,0.001,250.0,0.535372307167631
250.0,2.4,0.001,375.0,5.202981530409466e-5
250.0,2.4,0.001,750.0,2.79763561584282e-56
250.0,2.4,0.01,50.0,1.0
250.0,2.4,0.01,200.0,0.9999997563550413
250.0,2.4,0.01,250.0,0.511171904305278
250.0,2.4,0.01,375.0,4.975623532893078e-36
250.0,2.4,0.01,750.0,0.0
250.0,2.4,0.05,50.0,1.0
250.0,2.4,0.05,200.0,1.0
250.0,2.4,0.05,250.0,0.5049956834267171
250.0,2.4,0.05,375.0,4.2782409346321667e-172
250.0,2.4,0.05,750.0,0.0
250.0,2.4,0.25,50.0,1.0
250.0,2.4,0.25,200.0,1.0
250.0,2.4,0.25,250.0,0.5022340889130363
250.0,2.4,0.25,375.0,0.0
250.0,2.4,0.25,750.0,0.0
250.0,2.4,1.0,50.0,1.0
250.0,2.4,1.0,200.0,1.0
250.0,2.4,1.0,250.0,0.5011170398891428
250.0,2.4,1.0,375.0,0.0
250.0,2.4,1.0,750.0,0.0
250.0,3.0,0.001,50.0,0.9999999999770298
250.0,3.0,0.001,200.0,0.9575346424101255
250.0,3.0,0.001,250.0,0.5504626504404033
250.0,3.0,0.001,375.0,5.90328654842203e-5
250.0,3.0,0.001,750.0,3.8897809887176174e-56
250.0,3.0,0.01,50.0,1.0
250.0,3.0,0.01,200.0,0.9999997728172088
250.0,3.0,0.01,250.0,0.5159576912160522
250.0,3.0,0.01,375.0,5.619195380784515e-36
250.0,3.0,0.01,750.0,0.0
250.0,3.0,0.05,50.0,1.0
250.0,3.0,0.05,200.0,1.0
250.0,3.0,0.05,250.0,0.5071364964646905
250.0,3.0,0.05,375.0,4.831617952058126e-172
250.0,3.0,0.05,750.0,0.0
250.0,3.0,0.25,50.0,1.0
250.0,3.0,0.25,200.0,1.0
250.0,3.0,0.25,250.0,0.5031915382445125
250.0,3.0,0.25,375.0,0.0
250.0,3.0,0.25,750.0,0.0
250.0,3.0,1.0,50.0,1.0
250.0,3.0,1.0,200.0,1.0
250.0,3.0,1.0,250.0,0.5015957691375119
250.0,3.0,1.0,375.0,0.0
250.0,3.0,1.0,750.0,0.0
250.0,10.0,0.001,50.0,0.9999999999999691
250.0,10.0,0.001,200.0,0.9867454647342075
250.0,10.0,0.001,250.0,0.7158699957452551
250.0,10.0,0.001,375.0,0.00024073934277763062
250.0,10.0,0.001,750.0,1.8186950201451257e-54
250.0,10.0,0.01,50.0,1.0
250.0,10.0,0.01,200.0,0.9999999008436233
250.0,10.0,0.01,250.0,0.5714424223549763
250.0,10.0,0.01,375.0,2.3225492188557295e-35
250.0,10.0,0.01,750.0,0.0
250.0,10.0,0.05,50.0,1.0
250.0,10.0,0.05,200.0,1.0
250.0,10.0,0.05,250.0,0.532081289183285
250.0,10.0,0.05,375.0,1.9971507643559026e-171
250.0,10.0,0.05,750.0,0.0
250.0,10.0,0.25,50.0,1.0
250.0,10.0,0.25,200.0,1.0
250.0,10.0,0.25,250.0,0.5143589735702683
250.0,10.0,0.25,375.0,0.0
250.0,10.0,0.25,750.0,0.0
250.0,10.0,1.0,50.0,1.0
250.0,10.0,1.0,200.0,1.0
250.0,10.0,1.0,250.0,0.5071805924267645
250.0,10.0,1.0,375.0,0.0
250.0,10.0,1.0,750.0,0.0
1000.0,1.0001,0.001,200.0,1.0
1000.0,1.0001,0.001,800.0,0.99999999987302
1000.0,1.0001,0.001,1000.0,0.5000006308883225
1000.0,1.0001,0.001,1500.0,1.301410616209259e-56
1000.0,1.0001,0.001,3000.0,0.0
1000.0,1.0001,0.01,200.0,1.0
1000.0,1.0001,0.01,800.0,1.0
1000.0,1.0001,0.01,1000.0,0.5000001994700947
1000.0,1.0001,0.01,1500.0,0.0
1000.0,1.0001,0.01,3000.0,0.0
1000.0,1.0001,0.05,200.0,1.0
1000.0,1.0001,0.05,800.0,1.0
1000.0,1.0001,0.05,1000.0,0.5000000892649303
1000.0,1.0001,0.05,1500.0,0.0
1000.0,1.0001,0.05,3000.0,0.0
1000.0,1.0001,0.25,200.0,1.0
1000.0,1.0001,0.25,800.0,1.0
1000.0,1.0001,0.25,1000.0,0.5000000399590787
1000.0,1.0001,0.25,1500.0,0.0
1000.0,1.0001,0.25,3000.0,0.0
1000.0,1.0001,1.0,200.0,1.0
1000.0,1.0001,1.0,800.0,1.0
1000.0,1.0001,1.0,1000.0,0.5000000197184005
1000.0,1.0001,1.0,1500.0,0.0
1000.0,1.0001,1.0,3000.0,0.0
1000.0,1.5,0.001,200.0,1.0
1000.0,1.5,0.001,800.0,0.9999999998800743
1000.0,1.5,0.001,1000.0,0.503154408743212
1000.0,1.5,0.001,1500.0,1.4402182806348717e-56
1000.0,1.5,0.001,3000.0,0.0
1000.0,1.5,0.01,200.0,1.0
1000.0,1.5,0.01,800.0,1.0
1000.0,1.5,0.01,1000.0,0.5009973712819153
1000.0,1.5,0.01,1500.0,0.0
1000.0,1.5,0.01,3000.0,0.0
1000.0,1.5,0.05,200.0,1.0
1000.0,1.5,0.05,800.0,1.0
1000.0,1.5,0.05,1000.0,0.5004460324181098
1000.0,1.5,0.05,1500.0,0.0
1000.0,1.5,0.05,3000.0,0.0
1000.0,1.5,0.25,200.0,1.0
1000.0,1.5,0.25,800.0,1.0
1000.0,1.5,0.25,1000.0,0.5001994704480754
1000.0,1.5,0.25,1500.0,0.0
1000.0,1.5,0.25,3000.0,0.0
1000.0,1.5,1.0,200.0,1.0
1000.0,1.5,1.0,800.0,1.0
1000.0,1.5,1.0,1000.0,0.5000997411690862
1000.0,1.5,1.0,1500.0,0.0
1000.0,1.5,1.0,3000.0,0.0
1000.0,2.4,0.001,200.0,1.0
1000.0,2.4,0.001,800.0,0.9999999998918221
1000.0,2.4,0.001,1000.0,0.5088317148546088
1000.0,2.4,0.001,1500.0,1.7284990202726356e-56
1000.0,2.4,0.001,3000.0,0.0
1000.0,2.4,0.01,200.0,1.0
1000.0,2.4,0.01,800.0,1.0
1000.0,2.4,0.01,1000.0,0.5027926197007463
1000.0,2.4,0.01,1500.0,0.0
1000.0,2.4,0.01,3000.0,0.0
1000.0,2.4,0.05,200.0,1.0
1000.0,2.4,0.05,800.0,1.0
1000.0,2.4,0.05,1000.0,0.5012488890310984
1000.0,2.4,0.05,1500.0,0.0
1000.0,2.4,0.05,3000.0,0.0
1000.0,2.4,0.25,200.0,1.0
1000.0,2.4,0.25,800.0,1.0
1000.0,2.4,0.25,1000.0,0.5005585192886741
1000.0,2.4,0.25,1500.0,0.0
1000.0,2.4,0.25,3000.0,0.0
1000.0,2.4,1.0,200.0,1.0
1000.0,2.4,1.0,800.0,1.0
1000.0,2.4,1.0,1000.0,0.500279262673448
1000.0,2.4,1.0,1500.0,0.0
1000.0,2.4,1.0,3000.0,0.0
1000.0,3.0,0.001,200.0,1.0
1000.0,3.0,0.001,800.0,0.9999999998990214
1000.0,3.0,0.001,1000.0,0.5126156626101108
1000.0,3.0,0.001,1500.0,1.952073741857558e-56
1000.0,3.0,0.001,3000.0,0.0
1000.0,3.0,0.01,200.0,1.0
1000.0,3.0,0.01,800.0,1.0
1000.0,3.0,0.01,1000.0,0.5039894227957973
1000.0,3.0,0.01,1500.0,0.0
1000.0,3.0,0.01,3000.0,0.0
1000.0,3.0,0.05,200.0,1.0
1000.0,3.0,0.05,800.0,1.0
1000.0,3.0,0.05,1000.0,0.5017841241395353
1000.0,3.0,0.05,1500.0,0.0
1000.0,3.0,0.05,3000.0,0.0
1000.0,3.0,0.25,200.0,1.0
1000.0,3.0,0.25,800.0,1.0
1000.0,3.0,0.25,1000.0,0.5007978843137393
1000.0,3.0,0.25,1500.0,0.0
1000.0,3.0,0.25,3000.0,0.0
1000.0,3.0,1.0,200.0,1.0
1000.0,3.0,1.0,800.0,1.0
1000.0,3.0,1.0,1000.0,0.5003989501423498
1000.0,3.0,1.0,1500.0,0.0
1000.0,3.0,1.0,3000.0,0.0
1000.0,10.0,0.001,200.0,1.0
1000.0,10.0,0.001,800.0,0.9999999999551508
1000.0,10.0,0.001,1000.0,0.5565887864850708
1000.0,10.0,0.001,1500.0,8.068716577386031e-56
1000.0,10.0,0.001,3000.0,0.0
1000.0,10.0,0.01,200.0,1.0
1000.0,10.0,0.01,800.0,1.0
1000.0,10.0,0.01,1000.0,0.517946644286581
1000.0,10.0,0.01,1500.0,0.0
1000.0,10.0,0.01,3000.0,0.0
1000.0,10.0,0.05,200.0,1.0
1000.0,10.0,0.05,800.0,1.0
1000.0,10.0,0.05,1000.0,0.5080280433434444
1000.0,10.0,0.05,1500.0,0.0
1000.0,10.0,0.05,3000.0,0.0
1000.0,10.0,0.25,200.0,1.0
1000.0,10.0,0.25,800.0,1.0
1000.0,10.0,0.25,1000.0,0.503590434057773
1000.0,10.0,0.25,1500.0,0.0
1000.0,10.0,0.25,3000.0,0.0
1000.0,10.0,1.0,200.0,1.0
1000.0,10.0,1.0,800.0,1.0
1000.0,10.0,1.0,1000.0,0.5017952377171583
1000.0,10.0,1.0,1500.0,0.0
1000.0,10.0,1.0,3000.0,0.0
