λ,k,T,x,cu
0.0,1.0001,0.001,0.05,0.00126070634174702
0.0,1.0001,0.001,0.5,0.012609446459018514
0.0,1.0001,0.001,1.0,0.025217488688511924
0.0,1.0001,0.001,2.0,0.05041326717230443
0.0,1.0001,0.001,5.0,0.12560515131729066
0.0,1.0001,0.01,0.05,0.00398714756036378
0.0,1.0001,0.01,0.5,0.03986421170021126
0.0,1.0001,0.01,1.0,0.0796344210638642
0.0,1.0001,0.01,2.0,0.1584880555841951
0.0,1.0001,0.01,5.0,0.38288335238994486
0.0,1.0001,0.05,0.05,0.008916101848646996
0.0,1.0001,0.05,0.5,0.08899794573796993
0.0,1.0001,0.05,1.0,0.1769036731609157
0.0,1.0001,0.05,2.0,0.34523800924981607
0.0,1.0001,0.05,5.0,0.7364188765300093
0.0,1.0001,0.25,0.05,0.0199369527517691
0.0,1.0001,0.25,0.5,0.19737794802993125
0.0,1.0001,0.25,1.0,0.38288335238994486
0.0,1.0001,0.25,2.0,0.6826571323143036
0.0,1.0001,0.25,5.0,0.9875785979691735
0.0,1.0001,1.0,0.05,0.03986421170021126
0.0,1.0001,1.0,0.5,0.38288335238994486
0.0,1.0001,1.0,1.0,0.6826571323143036
0.0,1.0001,1.0,2.0,0.9544929549083144
0.0,1.0001,1.0,5.0,0.9999994265660941
0.0,1.5,0.001,0.05,4.067590442602409e-5
0.0,1.5,0.001,0.5,0.0012862168223901627
0.0,1.5,0.001,1.0,0.003637385959854411
0.0,1.5,0.001,2.0,0.010281471187657765
0.0,1.5,0.001,5.0,0.04045888350190496
0.0,1.5,0.01,0.05,0.0002287363171449286
0.0,1.5,0.01,0.5,0.007229442757414328
0.0,1.5,0.01,1.0,0.02041513690769825
0.0,1.5,0.01,2.0,0.0573736718203095
0.0,1.5,0.01,5.0,0.21695658069560642
0.0,1.5,0.05,0.05,0.0007648095836088054
0.0,1.5,0.05,0.5,0.024121395004743307
0.0,1.5,0.05,1.0,0.06768132788760506
0.0,1.5,0.05,2.0,0.18545356674668445
0.0,1.5,0.05,5.0,0.595175936884804
0.0,1.5,0.25,0.05,0.002557021000419435
0.0,1.5,0.25,0.5,0.07979852847947821
0.0,1.5,0.25,1.0,0.21695658069560642
0.0,1.5,0.25,2.0,0.5279371098346719
0.0,1.5,0.25,5.0,0.9746544308698176
0.0,1.5,1.0,0.05,0.007229442757414328
0.0,1.5,1.0,0.5,0.21695658069560642
0.0,1.5,1.0,1.0,0.5279371098346719
0.0,1.5,1.0,2.0,0.9149444851383186
0.0,1.5,1.0,5.0,0.9999984122165798
0.0,2.4,0.001,0.05,7.484933906010127e-8
0.0,2.4,0.001,0.5,1.880003488041737e-5
0.0,2.4,0.001,1.0,9.920688549724943e-5
0.0,2.4,0.001,2.0,0.00052318891811165
0.0,2.4,0.001,5.0,0.004690615089110506
0.0,2.4,0.01,0.05,1.1862747997248846e-6
0.0,2.4,0.01,0.5,0.0002977777075479082
0.0,2.4,0.01,1.0,0.0015684700725521195
0.0,2.4,0.01,2.0,0.008211097681402824
0.0,2.4,0.01,5.0,0.06995851854196966
0.0,2.4,0.05,0.05,8.183469450862013e-6
0.0,2.4,0.05,0.5,0.0020486717501648766
0.0,2.4,0.05,1.0,0.010703173909474173
0.0,2.4,0.05,2.0,0.05424702615618937
0.0,2.4,0.05,5.0,0.37282894848972215
0.0,2.4,0.25,0.05,5.644718001307503e-5
0.0,2.4,0.25,0.5,0.013942156928155702
0.0,2.4,0.25,1.0,0.06995851854196966
0.0,2.4,0.25,2.0,0.30370014024154335
0.0,2.4,0.25,5.0,0.9367171636802952
0.0,2.4,1.0,0.05,0.00029777770754813027
0.0,2.4,1.0,0.5,0.06995851854196966
0.0,2.4,1.0,1.0,0.30370014024154335
0.0,2.4,1.0,2.0,0.8176987670910338
0.0,2.4,1.0,5.0,0.9999931721124925
0.0,3.0,0.001,0.05,1.0513043768867192e-9
0.0,3.0,0.001,0.5,1.0512263730610982e-6
0.0,3.0,0.001,1.0,8.407919057873414e-6
0.0,3.0,0.001,2.0,6.720285132144621e-5
0.0,3.0,0.001,5.0,0.0010434555145456548
0.0,3.0,0.01,0.05,3.3244940578214255e-8
0.0,3.0,0.01,0.5,3.322026726848559e-5
0.0,3.0,0.01,1.0,0.000265165058655481
0.0,3.0,0.01,2.0,0.002102341288023668
0.0,3.0,0.01,5.0,0.030859595783726657
0.0,3.0,0.05,0.05,3.7167858613074145e-7
0.0,3.0,0.05,0.5,0.0003703017834634226
0.0,3.0,0.05,1.0,0.0029293327646200407
0.0,3.0,0.05,2.0,0.02241070223835051
0.0,3.0,0.05,5.0,0.25896111118347065
0.0,3.0,0.25,0.05,4.1548696568805e-6
0.0,3.0,0.25,0.5,0.0040785929644227
0.0,3.0,0.25,1.0,0.030859595783726657
0.0,3.0,0.25,2.0,0.19874804309879912
0.0,3.0,0.25,5.0,0.8999391668806046
0.0,3.0,1.0,0.05,3.322026726848559e-5
0.0,3.0,1.0,0.5,0.030859595783726657
0.0,3.0,1.0,1.0,0.19874804309879912
0.0,3.0,1.0,2.0,0.738535870050889
0.0,3.0,1.0,5.0,0.999984559501709
0.0,10.0,0.001,0.05,0.0
0.0,10.0,0.001,0.5,0.0
0.0,10.0,0.001,1.0,0.0
0.0,10.0,0.001,2.0,3.3306690738754696e-16
0.0,10.0,0.001,5.0,2.516653552220305e-12
0.0,10.0,0.01,0.05,0.0
0.0,10.0,0.01,0.5,2.220446049250313e-16
0.0,10.0,0.01,1.0,2.6201263381153694e-14
0.0,10.0,0.01,2.0,2.6226354421510223e-11
0.0,10.0,0.01,5.0,2.2919102149465687e-7
0.0,10.0,0.05,0.05,0.0
0.0,10.0,0.05,0.5,7.893685705084863e-14
0.0,10.0,0.05,1.0,7.970279991553753e-11
0.0,10.0,0.05,2.0,7.667801682487152e-8
0.0,10.0,0.05,5.0,0.0004739871032457543
0.0,10.0,0.25,0.05,2.220446049250313e-16
0.0,10.0,0.25,0.5,2.4197110981560854e-10
0.0,10.0,0.25,1.0,2.2919102149465687e-7
0.0,10.0,0.25,2.0,0.00017211562995589347
0.0,10.0,0.25,5.0,0.20615985128164693
0.0,10.0,1.0,0.05,2.220446049250313e-16
0.0,10.0,1.0,0.5,2.2919102149465687e-7
0.0,10.0,1.0,1.0,0.00017211562995589347
0.0,10.0,1.0,2.0,0.052653017343711195
0.0,10.0,1.0,5.0,0.9946544945128659
0.5,1.0001,0.001,0.1,0.002521269131081749
0.5,1.0001,0.001,0.4,0.01008622260007952
0.5,1.0001,0.001,0.5,0.012607870508041352
0.5,1.0001,0.001,0.75,0.018911587815073405
0.5,1.0001,0.001,1.5,0.03781516435695764
0.5,1.0001,0.01,0.1,0.007964786309408445
0.5,1.0001,0.01,0.4,0.03185561754044541
0.5,1.0001,0.01,0.5,0.03981445402468431
0.5,1.0001,0.01,0.75,0.0596930967908651
0.5,1.0001,0.01,1.5,0.11906058295975852
0.5,1.0001,0.05,0.1,0.017721239179741777
0.5,1.0001,0.05,0.4,0.07080737032945927
0.5,1.0001,0.05,0.5,0.08844574252232451
0.5,1.0001,0.05,0.75,0.1323341310119701
0.5,1.0001,0.05,1.5,0.261069565637447
0.5,1.0001,0.25,0.1,0.03863872467563079
0.5,1.0001,0.25,0.4,0.15367556082226574
0.5,1.0001,0.25,0.5,0.19142879986351746
0.5,1.0001,0.25,0.75,0.28371405929812576
0.5,1.0001,0.25,1.5,0.5327690567414983
0.5,1.0001,1.0,0.1,0.07030637572186516
0.5,1.0001,1.0,0.4,0.2760761188400681
0.5,1.0001,1.0,0.5,0.341307581821377
0.5,1.0001,1.0,0.75,0.49302101420761923
0.5,1.0001,1.0,1.5,0.8185773939583063
0.5,1.5,0.001,0.1,0.00011503426636105818
0.5,1.5,0.001,0.4,0.0009202445563164519
0.5,1.5,0.001,0.5,0.0012860560668176424
0.5,1.5,0.001,0.75,0.00236247768435216
0.5,1.5,0.001,1.5,0.006679680862565429
0.5,1.5,0.01,0.1,0.0006461454426330837
0.5,1.5,0.01,0.4,0.005167505205710521
0.5,1.5,0.01,0.5,0.007220418044740495
0.5,1.5,0.01,0.75,0.01325589380780623
0.5,1.5,0.01,1.5,0.03735841769058301
0.5,1.5,0.05,0.1,0.002149559468262563
0.5,1.5,0.05,0.4,0.017169102670236303
0.5,1.5,0.05,0.5,0.023971640805392935
0.5,1.5,0.05,0.75,0.04389304122662119
0.5,1.5,0.05,1.5,0.12195797915923878
0.5,1.5,0.25,0.1,0.007007172554328811
0.5,1.5,0.25,0.4,0.05562824945079481
0.5,1.5,0.25,0.5,0.0773862739037503
0.5,1.5,0.25,0.75,0.13992757261022992
0.5,1.5,0.25,1.5,0.3640205402312763
0.5,1.5,1.0,0.1,0.018022723524288797
0.5,1.5,1.0,0.4,0.14039677676929452
0.5,1.5,1.0,0.5,0.19313350682586516
0.5,1.5,1.0,0.75,0.33616431249565704
0.5,1.5,1.0,1.5,0.7275869188774671
0.5,2.4,0.001,0.1,3.9500699300365483e-7
0.5,2.4,0.001,0.4,1.1003503825213201e-5
0.5,2.4,0.001,0.5,1.8797685156113353e-5
0.5,2.4,0.001,0.75,4.9737778532787935e-5
0.5,2.4,0.001,1.5,0.0002623968036435942
0.5,2.4,0.01,0.1,6.253246593979078e-6
0.5,2.4,0.01,0.4,0.00017412938423877478
0.5,2.4,0.01,0.5,0.00029740592914362374
0.5,2.4,0.01,0.75,0.0007863194150459218
0.5,2.4,0.01,1.5,0.0041312009588097
0.5,2.4,0.05,0.1,4.29191396460471e-5
0.5,2.4,0.05,0.4,0.0011931953416918217
0.5,2.4,0.05,0.5,0.00203594359866488
0.5,2.4,0.05,0.75,0.005364711346181994
0.5,2.4,0.05,1.5,0.02767745267466104
0.5,2.4,0.25,0.1,0.00028862117433769985
0.5,2.4,0.25,0.4,0.00796072348698651
0.5,2.4,0.25,0.5,0.01351917452296525
0.5,2.4,0.25,0.75,0.035044512613036316
0.5,2.4,0.25,1.5,0.1658100077218032
0.5,2.4,1.0,0.1,0.0013845629699803519
0.5,2.4,1.0,0.4,0.03718985049901802
0.5,2.4,1.0,0.5,0.06216989533770434
0.5,2.4,1.0,0.75,0.15271351335085037
0.5,2.4,1.0,1.5,0.553445338600755
0.5,3.0,0.001,0.1,8.409365204187225e-9
0.5,3.0,0.001,0.4,5.38175161213239e-7
0.5,3.0,0.001,0.5,1.051094984494405e-6
0.5,3.0,0.001,0.75,3.5471130509501236e-6
0.5,3.0,0.001,1.5,2.8362544586602034e-5
0.5,3.0,0.01,0.1,2.656213140550534e-7
0.5,3.0,0.01,0.4,1.6992122663928022e-5
0.5,3.0,0.01,0.5,3.317878861075485e-5
0.5,3.0,0.01,0.75,0.00011187359270459218
0.5,3.0,0.01,1.5,0.0008904766850141854
0.5,3.0,0.05,0.1,2.9545721577095563e-6
0.5,3.0,0.05,0.4,0.00018866950899154578
0.5,3.0,0.05,0.5,0.000368000360568832
0.5,3.0,0.05,0.75,0.0012362237775835894
0.5,3.0,0.05,1.5,0.00964458799720247
0.5,3.0,0.25,0.1,3.219869012260901e-5
0.5,3.0,0.25,0.4,0.002038167341243291
0.5,3.0,0.25,0.5,0.003954646725480515
0.5,3.0,0.25,0.75,0.013045822203914592
0.5,3.0,0.25,1.5,0.09242879836193163
0.5,3.0,1.0,0.1,0.00023406581655482928
0.5,3.0,1.0,0.4,0.014377442219697834
0.5,3.0,1.0,0.5,0.02740163430396436
0.5,3.0,1.0,0.75,0.08501848918841393
0.5,3.0,1.0,1.5,0.44263509810845403
0.5,10.0,0.001,0.1,0.0
0.5,10.0,0.001,0.4,0.0
0.5,10.0,0.001,0.5,0.0
0.5,10.0,0.001,0.75,0.0
0.5,10.0,0.001,1.5,0.0
0.5,10.0,0.01,0.1,1.1102230246251565e-16
0.5,10.0,0.01,0.4,0.0
0.5,10.0,0.01,0.5,0.0
0.5,10.0,0.01,0.75,1.3322676295501878e-15
0.5,10.0,0.01,1.5,1.4857004515533845e-12
0.5,10.0,0.05,0.1,0.0
0.5,10.0,0.05,0.4,8.548717289613705e-15
0.5,10.0,0.05,0.5,7.849276784099857e-14
0.5,10.0,0.05,0.75,4.501177208737772e-12
0.5,10.0,0.05,1.5,4.45039527452451e-9
0.5,10.0,0.25,0.1,0.0
0.5,10.0,0.25,0.4,2.5421775795564372e-11
0.5,10.0,0.25,0.5,2.3456447895142674e-10
0.5,10.0,0.25,0.75,1.3096129736211992e-8
0.5,10.0,0.25,1.5,1.1269376039235723e-5
0.5,10.0,1.0,0.1,2.298161660974074e-14
0.5,10.0,1.0,0.4,2.2582860914610592e-8
0.5,10.0,1.0,0.5,2.0278608736656878e-7
0.5,10.0,1.0,0.75,1.0305741062199836e-5
0.5,10.0,1.0,1.5,0.005380400147117714
3.0,1.0001,0.001,0.6000000000000001,0.015063404317483986
3.0,1.0001,0.001,2.4000000000000004,0.060208265161212804
3.0,1.0001,0.001,3.0,0.0752217824335698
3.0,1.0001,0.001,4.5,0.11262816761236394
3.0,1.0001,0.001,9.0,0.22303767753778736
3.0,1.0001,0.01,0.6000000000000001,0.04572702414851815
3.0,1.0001,0.01,2.4000000000000004,0.18144666277086008
3.0,1.0001,0.01,3.0,0.22571123452564357
3.0,1.0001,0.01,4.5,0.3329508258942938
3.0,1.0001,0.01,9.0,0.6106428934460519
3.0,1.0001,0.05,0.6000000000000001,0.0853179245527903
3.0,1.0001,0.05,2.4000000000000004,0.33297796038034855
3.0,1.0001,0.05,3.0,0.4101099914005941
3.0,1.0001,0.05,4.5,0.58454748497146
3.0,1.0001,0.05,9.0,0.9064905477554417
3.0,1.0001,0.25,0.6000000000000001,0.0791267728332733
3.0,1.0001,0.25,2.4000000000000004,0.37860540869126447
3.0,1.0001,0.25,3.0,0.49863533798587134
3.0,1.0001,0.25,4.5,0.7732755724625053
3.0,1.0001,0.25,9.0,0.998650017700671
3.0,1.0001,1.0,0.6000000000000001,0.008037589356259423
3.0,1.0001,1.0,2.4000000000000004,0.2742467305920653
3.0,1.0001,1.0,3.0,0.4999932174344567
3.0,1.0001,1.0,4.5,0.9331910256852611
3.0,1.0001,1.0,9.0,0.9999999990133565
3.0,1.5,0.001,0.6000000000000001,0.0016831456294130742
3.0,1.5,0.001,2.4000000000000004,0.013449691194028057
3.0,1.5,0.001,3.0,0.018783557368269088
3.0,1.5,0.001,4.5,0.03442513303716044
3.0,1.5,0.001,9.0,0.09612366152951057
3.0,1.5,0.01,0.6000000000000001,0.009083457691420938
3.0,1.5,0.01,2.4000000000000004,0.07188384666708936
3.0,1.5,0.01,3.0,0.09981188467516999
3.0,1.5,0.01,4.5,0.17931512410749673
3.0,1.5,0.01,9.0,0.4514391637674837
3.0,1.5,0.05,0.6000000000000001,0.025319113234773427
3.0,1.5,0.05,2.4000000000000004,0.19457394592319255
3.0,1.5,0.05,3.0,0.2655185787089809
3.0,1.5,0.05,4.5,0.4497743410996956
3.0,1.5,0.05,9.0,0.8616142711587956
3.0,1.5,0.25,0.6000000000000001,0.034836063542694085
3.0,1.5,0.25,2.4000000000000004,0.30161450494038544
3.0,1.5,0.25,3.0,0.4257138210559227
3.0,1.5,0.25,4.5,0.7278631820420169
3.0,1.5,0.25,9.0,0.9981708556590522
3.0,1.5,1.0,0.6000000000000001,0.004691398648607237
3.0,1.5,1.0,2.4000000000000004,0.2434128874428182
3.0,1.5,1.0,3.0,0.4661342561926616
3.0,1.5,1.0,4.5,0.9238673891564249
3.0,1.5,1.0,9.0,0.9999999986913906
3.0,2.4,0.001,0.6000000000000001,2.8988547271069365e-5
3.0,2.4,0.001,2.4000000000000004,0.0008063681581454984
3.0,2.4,0.001,3.0,0.0013763702650242404
3.0,2.4,0.001,4.5,0.003631016142250143
3.0,2.4,0.001,9.0,0.018851997552902122
3.0,2.4,0.01,0.6000000000000001,0.000440828482036415
3.0,2.4,0.01,2.4000000000000004,0.012107942260542237
3.0,2.4,0.01,3.0,0.020510643444650145
3.0,2.4,0.01,4.5,0.05271097457870155
3.0,2.4,0.01,9.0,0.2385159533426282
3.0,2.4,0.05,0.6000000000000001,0.0025324422755079734
3.0,2.4,0.05,2.4000000000000004,0.06648194170505428
3.0,2.4,0.05,3.0,0.10964633590961437
3.0,2.4,0.05,4.5,0.25736174819869684
3.0,2.4,0.05,9.0,0.759719979382983
3.0,2.4,0.25,0.6000000000000001,0.00711932623373801
3.0,2.4,0.25,2.4000000000000004,0.18782646885443188
3.0,2.4,0.25,3.0,0.304705006075088
3.0,2.4,0.25,4.5,0.6372258339319062
3.0,2.4,0.25,9.0,0.9969126201435746
3.0,2.4,1.0,0.6000000000000001,0.0016441507323717852
3.0,2.4,1.0,2.4000000000000004,0.1929517939775075
3.0,2.4,1.0,3.0,0.4059758160803625
3.0,2.4,1.0,4.5,0.9046558334115193
3.0,2.4,1.0,9.0,0.9999999978367553
3.0,3.0,0.001,0.6000000000000001,1.808304113226633e-6
3.0,3.0,0.001,2.4000000000000004,0.00011554472413211059
3.0,3.0,0.001,3.0,0.00022545479075453123
3.0,3.0,0.001,4.5,0.0007583559816894958
3.0,3.0,0.001,9.0,0.005957919342728157
3.0,3.0,0.01,0.6000000000000001,5.486234724283445e-5
3.0,3.0,0.01,2.4000000000000004,0.0034565386092831885
3.0,3.0,0.01,3.0,0.006687957217816343
3.0,3.0,0.01,4.5,0.021850677483092662
3.0,3.0,0.01,9.0,0.14721538566626258
3.0,3.0,0.05,0.6000000000000001,0.0005105269798303391
3.0,3.0,0.05,2.4000000000000004,0.030514318997238443
3.0,3.0,0.05,3.0,0.05722595878931935
3.0,3.0,0.05,4.5,0.168136215033155
3.0,3.0,0.05,9.0,0.6809579659554155
3.0,3.0,0.25,0.6000000000000001,0.002315419987236611
3.0,3.0,0.25,2.4000000000000004,0.13131035024393922
3.0,3.0,0.25,3.0,0.23564314730870728
3.0,3.0,0.25,4.5,0.5727610060229733
3.0,3.0,0.25,9.0,0.9956955394244126
3.0,3.0,1.0,0.6000000000000001,0.0007775512128622708
3.0,3.0,1.0,2.4000000000000004,0.1631782787110868
3.0,3.0,1.0,3.0,0.3670192409048959
3.0,3.0,1.0,4.5,0.8900202668425609
3.0,3.0,1.0,9.0,0.9999999969881181
3.0,10.0,0.001,0.6000000000000001,0.0
3.0,10.0,0.001,2.4000000000000004,1.7763568394002505e-15
3.0,10.0,0.001,3.0,1.532107773982716e-14
3.0,10.0,0.001,4.5,8.752998326144734e-13
3.0,10.0,0.001,9.0,8.739818868619409e-10
3.0,10.0,0.01,0.6000000000000001,1.1102230246251565e-16
3.0,10.0,0.01,2.4000000000000004,1.5413881282455577e-10
3.0,10.0,0.01,3.0,1.4164692752061114e-9
3.0,10.0,0.01,4.5,7.797950174470714e-8
3.0,10.0,0.01,9.0,6.223071533084656e-5
3.0,10.0,0.05,0.6000000000000001,3.900213485508175e-13
3.0,10.0,0.05,2.4000000000000004,3.6747334009046284e-7
3.0,10.0,0.05,3.0,3.209577963070309e-6
3.0,10.0,0.05,4.5,0.00014824361576271095
3.0,10.0,0.05,9.0,0.04710869281158503
3.0,10.0,0.25,0.6000000000000001,4.849320944799729e-10
3.0,10.0,0.25,2.4000000000000004,0.0003293761063100087
3.0,10.0,0.25,3.0,0.0023679229097912646
3.0,10.0,0.25,4.5,0.05629685753604885
3.0,10.0,0.25,9.0,0.9174374954877985
3.0,10.0,1.0,0.6000000000000001,1.7206118196888553e-8
3.0,10.0,1.0,2.4000000000000004,0.010906767684493057
3.0,10.0,1.0,3.0,0.06531784074035263
3.0,10.0,1.0,4.5,0.6107041061885539
3.0,10.0,1.0,9.0,0.9999998878370426
10.0,1.0001,0.001,2.0,0.04795777834446635
10.0,1.0001,0.001,8.0,0.1901454448797908
10.0,1.0001,0.001,10.0,0.2364192497545271
10.0,1.0001,0.001,15.0,0.348179238379963
10.0,1.0001,0.001,30.0,0.633470851614993
10.0,1.0001,0.01,2.0,0.09676655803292711
10.0,1.0001,0.01,8.0,0.38478359756543457
10.0,1.0001,0.01,10.0,0.4772255134636242
10.0,1.0001,0.01,15.0,0.6852359439635065
10.0,1.0001,0.01,30.0,0.9772166061582481
10.0,1.0001,0.05,2.0,0.033169844016437855
10.0,1.0001,0.05,8.0,0.32732246179420765
10.0,1.0001,0.05,10.0,0.499986861963975
10.0,1.0001,0.05,15.0,0.8682197842192675
10.0,1.0001,0.05,30.0,0.9999961276668347
10.0,1.0001,0.25,2.0,3.166746756899652e-5
10.0,1.0001,0.25,8.0,0.15865253106353983
10.0,1.0001,0.25,10.0,0.49999598331352313
10.0,1.0001,0.25,15.0,0.9937901918918595
10.0,1.0001,0.25,30.0,1.0
10.0,1.0001,1.0,2.0,6.661338147750939e-16
10.0,1.0001,1.0,8.0,0.022749830125258774
10.0,1.0001,1.0,10.0,0.49999800194391475
10.0,1.0001,1.0,15.0,0.9999997075959894
10.0,1.0001,1.0,30.0,1.0
10.0,1.5,0.001,2.0,0.009780596558085719
10.0,1.5,0.001,8.0,0.07731447573977179
10.0,1.5,0.001,10.0,0.10728117539392767
10.0,1.5,0.001,15.0,0.19229683176840373
10.0,1.5,0.001,30.0,0.47865198287687305
10.0,1.5,0.01,2.0,0.0349972757333149
10.0,1.5,0.01,8.0,0.26751676851910966
10.0,1.5,0.01,10.0,0.36312613311153585
10.0,1.5,0.01,15.0,0.5990242901477101
10.0,1.5,0.01,30.0,0.9680739278191592
10.0,1.5,0.05,2.0,0.017450661703544812
10.0,1.5,0.05,8.0,0.281492166217589
10.0,1.5,0.05,10.0,0.45377954433021683
10.0,1.5,0.05,15.0,0.8473745010237336
10.0,1.5,0.05,30.0,0.9999948334935731
10.0,1.5,0.25,2.0,2.025962078977539e-5
10.0,1.5,0.25,8.0,0.1454222015969472
10.0,1.5,0.25,10.0,0.4799251373733898
10.0,1.5,0.25,15.0,0.9930391230852539
10.0,1.5,0.25,30.0,1.0
10.0,1.5,1.0,2.0,4.440892098500626e-16
10.0,1.5,1.0,8.0,0.021282563227190687
10.0,1.5,1.0,10.0,0.4900107662712089
10.0,1.5,1.0,15.0,0.9999996764110707
10.0,1.5,1.0,30.0,1.0
10.0,2.4,0.001,2.0,0.0004976953088928759
10.0,2.4,0.001,8.0,0.013649372992753372
10.0,2.4,0.001,10.0,0.023101126002152528
10.0,2.4,0.001,15.0,0.05918615540652772
10.0,2.4,0.001,30.0,0.2636398331168992
10.0,2.4,0.01,2.0,0.005002891048570546
10.0,2.4,0.01,8.0,0.1266751869395073
10.0,2.4,0.01,10.0,0.20438266733917343
10.0,2.4,0.01,15.0,0.4444895107009619
10.0,2.4,0.01,30.0,0.9446992705205373
10.0,2.4,0.05,2.0,0.004971397690824553
10.0,2.4,0.05,8.0,0.20781829383452155
10.0,2.4,0.05,10.0,0.37269555363750206
10.0,2.4,0.05,15.0,0.8047180503987444
10.0,2.4,0.05,30.0,0.9999914075316823
10.0,2.4,0.25,2.0,8.771429568787958e-6
10.0,2.4,0.25,8.0,0.12351670012781513
10.0,2.4,0.25,10.0,0.44395401228504316
10.0,2.4,0.25,15.0,0.9914835691488988
10.0,2.4,0.25,30.0,1.0
10.0,2.4,1.0,2.0,2.220446049250313e-16
10.0,2.4,1.0,8.0,0.01884224625256492
10.0,2.4,1.0,10.0,0.4720501770449588
10.0,2.4,1.0,15.0,0.9999996116623062
10.0,2.4,1.0,30.0,1.0
10.0,3.0,0.001,2.0,6.392788605269484e-5
10.0,3.0,0.001,8.0,0.004020941520093468
10.0,3.0,0.001,10.0,0.00777220549170754
10.0,3.0,0.001,15.0,0.025305579479507512
10.0,3.0,0.001,30.0,0.167478932491536
10.0,3.0,0.01,2.0,0.001280230583418529
10.0,3.0,0.01,8.0,0.0727174357734095
10.0,3.0,0.01,10.0,0.13229855416357617
10.0,3.0,0.01,15.0,0.3507157696775065
10.0,3.0,0.01,30.0,0.9233610605225648
10.0,3.0,0.05,2.0,0.0020280025583581107
10.0,3.0,0.05,8.0,0.16595185522928002
10.0,3.0,0.05,10.0,0.3215918161874638
10.0,3.0,0.05,15.0,0.7727264969222685
10.0,3.0,0.05,30.0,0.9999880279808288
10.0,3.0,0.25,2.0,4.905425269097208e-6
10.0,3.0,0.25,8.0,0.11026110902762842
10.0,3.0,0.25,10.0,0.4202115439197138
10.0,3.0,0.25,15.0,0.9902846745755113
10.0,3.0,0.25,30.0,1.0
10.0,3.0,1.0,2.0,1.1102230246251565e-16
10.0,3.0,1.0,8.0,0.01735103529686044
10.0,3.0,1.0,10.0,0.46010577195985514
10.0,3.0,1.0,15.0,0.9999995614623447
10.0,3.0,1.0,30.0,1.0
10.0,10.0,0.001,2.0,1.1102230246251565e-16
10.0,10.0,0.001,8.0,2.590554437631454e-10
10.0,10.0,0.001,10.0,2.3771136170580576e-9
10.0,10.0,0.001,15.0,1.3020043332367948e-7
10.0,10.0,0.001,30.0,0.0001011139000862693
10.0,10.0,0.01,2.0,1.5933365737907934e-11
10.0,10.0,0.01,8.0,1.3351432319619327e-5
10.0,10.0,0.01,10.0,0.00010876592909592198
10.0,10.0,0.01,15.0,0.003956995714400224
10.0,10.0,0.01,30.0,0.38785403970564203
10.0,10.0,0.05,2.0,6.560452403547856e-9
10.0,10.0,0.05,8.0,0.003588388426783329
10.0,10.0,0.05,10.0,0.022275663543637414
10.0,10.0,0.05,15.0,0.30559855734436725
10.0,10.0,0.05,30.0,0.9996283049666738
10.0,10.0,0.25,2.0,1.6833605620547587e-9
10.0,10.0,0.25,8.0,0.02207754871480805
10.0,10.0,0.25,10.0,0.18277382405353781
10.0,10.0,0.25,15.0,0.9615385132573803
10.0,10.0,0.25,30.0,1.0
10.0,10.0,1.0,2.0,0.0
10.0,10.0,1.0,8.0,0.006151677936608868
10.0,10.0,1.0,10.0,0.3260971820630809
10.0,10.0,1.0,15.0,0.9999981920304277
10.0,10.0,1.0,30.0,1.0
50.0,1.0001,0.001,10.0,0.07405041253694489
50.0,1.0001,0.001,40.0,0.3736864791664073
50.0,1.0001,0.001,50.0,0.49920347357984973
50.0,1.0001,0.001,75.0,0.785355838082302
50.0,1.0001,0.001,150.0,0.9992172509590984
50.0,1.0001,0.01,10.0,3.166746756899652e-5
50.0,1.0001,0.01,40.0,0.15865253106353983
50.0,1.0001,0.01,50.0,0.49999598331352313
50.0,1.0001,0.01,75.0,0.9937901918918595
50.0,1.0001,0.01,150.0,1.0
50.0,1.0001,0.05,10.0,0.0
50.0,1.0001,0.05,40.0,0.012673495669452639
50.0,1.0001,0.05,50.0,0.4999982134855344
50.0,1.0001,0.05,75.0,0.9999999884701827
50.0,1.0001,0.05,150.0,1.0
50.0,1.0001,0.25,10.0,0.0
50.0,1.0001,0.25,40.0,2.866482533558923e-7
50.0,1.0001,0.25,50.0,0.49999920190247105
50.0,1.0001,0.25,75.0,1.0
50.0,1.0001,0.25,150.0,1.0
50.0,1.0001,1.0,10.0,0.0
50.0,1.0001,1.0,40.0,0.0
50.0,1.0001,1.0,50.0,0.49999960103086183
50.0,1.0001,1.0,75.0,1.0
50.0,1.0001,1.0,150.0,1.0
50.0,1.5,0.001,10.0,0.03342023642611902
50.0,1.5,0.001,40.0,0.3016747628170482
50.0,1.5,0.001,50.0,0.43072486929110887
50.0,1.5,0.001,75.0,0.7439014012147398
50.0,1.5,0.001,150.0,0.9989423218230835
50.0,1.5,0.01,10.0,2.025962078977539e-5
50.0,1.5,0.01,40.0,0.1454222015969472
50.0,1.5,0.01,50.0,0.4799251373733898
50.0,1.5,0.01,75.0,0.9930391230852539
50.0,1.5,0.01,150.0,1.0
50.0,1.5,0.05,10.0,0.0
50.0,1.5,0.05,40.0,0.011877816633324212
50.0,1.5,0.05,50.0,0.49106817550197235
50.0,1.5,0.05,75.0,0.9999999872404873
50.0,1.5,0.05,150.0,1.0
50.0,1.5,0.25,10.0,0.0
50.0,1.5,0.25,40.0,2.7051320106163956e-7
50.0,1.5,0.25,50.0,0.4960095788961876
50.0,1.5,0.25,75.0,1.0
50.0,1.5,0.25,150.0,1.0
50.0,1.5,1.0,10.0,0.0
50.0,1.5,1.0,40.0,0.0
50.0,1.5,1.0,50.0,0.49800516389899907
50.0,1.5,1.0,75.0,1.0
50.0,1.5,1.0,150.0,1.0
50.0,2.4,0.001,10.0,0.007148039206441692
50.0,2.4,0.001,40.0,0.1933051796606905
50.0,2.4,0.001,50.0,0.31562161764906727
50.0,2.4,0.001,75.0,0.6606995245982157
50.0,2.4,0.001,150.0,0.9982192641378064
50.0,2.4,0.01,10.0,8.771429568787958e-6
50.0,2.4,0.01,40.0,0.12351670012781513
50.0,2.4,0.01,50.0,0.44395401228504316
50.0,2.4,0.01,75.0,0.9914835691488988
50.0,2.4,0.01,150.0,1.0
50.0,2.4,0.05,10.0,0.0
50.0,2.4,0.05,40.0,0.010554078031399183
50.0,2.4,0.05,50.0,0.4750052053851124
50.0,2.4,0.05,75.0,0.9999999846870418
50.0,2.4,0.05,150.0,1.0
50.0,2.4,0.25,10.0,0.0
50.0,2.4,0.25,40.0,2.4364495865292213e-7
50.0,2.4,0.25,50.0,0.48882809569472196
50.0,2.4,0.25,75.0,1.0
50.0,2.4,0.25,150.0,1.0
50.0,2.4,1.0,10.0,0.0
50.0,2.4,1.0,40.0,0.0
50.0,2.4,1.0,50.0,0.4944146181376017
50.0,2.4,1.0,75.0,1.0
50.0,2.4,1.0,150.0,1.0
50.0,3.0,0.001,10.0,0.002397267631822575
50.0,3.0,0.001,40.0,0.13808966041430992
50.0,3.0,0.001,50.0,0.24860411998948662
50.0,3.0,0.001,75.0,0.6008695150193828
50.0,3.0,0.001,150.0,0.9975172259435697
50.0,3.0,0.01,10.0,4.905425269097208e-6
50.0,3.0,0.01,40.0,0.11026110902762842
50.0,3.0,0.01,50.0,0.4202115439197138
50.0,3.0,0.01,75.0,0.9902846745755113
50.0,3.0,0.01,150.0,1.0
50.0,3.0,0.05,10.0,0.0
50.0,3.0,0.05,40.0,0.009744662826348782
50.0,3.0,0.05,50.0,0.46431751767694496
50.0,3.0,0.05,75.0,0.9999999827071203
50.0,3.0,0.05,150.0,1.0
50.0,3.0,0.25,10.0,0.0
50.0,3.0,0.25,40.0,2.2718279124589458e-7
50.0,3.0,0.25,50.0,0.48404230878394783
50.0,3.0,0.25,75.0,1.0
50.0,3.0,0.25,150.0,1.0
50.0,3.0,1.0,10.0,0.0
50.0,3.0,1.0,40.0,0.0
50.0,3.0,1.0,50.0,0.4920211543921804
50.0,3.0,1.0,75.0,1.0
50.0,3.0,1.0,150.0,1.0
50.0,10.0,0.001,10.0,7.231543142083297e-10
50.0,10.0,0.001,40.0,0.0004752062755901676
50.0,10.0,0.001,50.0,0.0033488577807218034
50.0,10.0,0.001,75.0,0.07434540581855009
50.0,10.0,0.001,150.0,0.9481858649580922
50.0,10.0,0.01,10.0,1.6833605620547587e-9
50.0,10.0,0.01,40.0,0.02207754871480805
50.0,10.0,0.01,50.0,0.18277382405353781
50.0,10.0,0.01,75.0,0.9615385132573803
50.0,10.0,0.01,150.0,1.0
50.0,10.0,0.05,10.0,0.0
50.0,10.0,0.05,40.0,0.003615245542384793
50.0,10.0,0.05,50.0,0.3434706485914314
50.0,10.0,0.05,75.0,0.9999999286386537
50.0,10.0,0.05,150.0,1.0
50.0,10.0,0.25,10.0,0.0
50.0,10.0,0.25,40.0,9.915637666502164e-8
50.0,10.0,0.25,50.0,0.42855757764502367
50.0,10.0,0.25,75.0,1.0
50.0,10.0,0.25,150.0,1.0
50.0,10.0,1.0,10.0,0.0
50.0,10.0,1.0,40.0,0.0
50.0,10.0,1.0,50.0,0.4641412276951138
50.0,10.0,1.0,75.0,1.0
50.0,10.0,1.0,150.0,1.0
100.0,1.0001,0.001,20.0,0.005631545103395252
100.0,1.0001,0.001,80.0,0.26353872980682347
100.0,1.0001,0.001,100.0,0.4999935797927054
100.0,1.0001,0.001,150.0,0.9430753685561248
100.0,1.0001,0.001,300.0,0.9999999998730114
100.0,1.0001,0.01,20.0,6.661338147750939e-16
100.0,1.0001,0.01,80.0,0.022749830125258774
100.0,1.0001,0.01,100.0,0.49999800194391475
100.0,1.0001,0.01,150.0,0.9999997075959894
100.0,1.0001,0.01,300.0,1.0
100.0,1.0001,0.05,20.0,0.0
100.0,1.0001,0.05,80.0,3.872063010890159e-6
100.0,1.0001,0.05,100.0,0.49999910764023725
100.0,1.0001,0.05,150.0,1.0
100.0,1.0001,0.05,300.0,1.0
100.0,1.0001,0.25,20.0,0.0
100.0,1.0001,0.25,80.0,0.0
100.0,1.0001,0.25,100.0,0.49999960103086183
100.0,1.0001,0.25,150.0,1.0
100.0,1.0001,0.25,300.0,1.0
100.0,1.0001,1.0,20.0,0.0
100.0,1.0001,1.0,80.0,0.0
100.0,1.0001,1.0,100.0,0.49999980052990534
100.0,1.0001,1.0,150.0,1.0
100.0,1.0001,1.0,300.0,1.0
100.0,1.5,0.001,20.0,0.003335709436194212
100.0,1.5,0.001,80.0,0.23493833622381521
100.0,1.5,0.001,100.0,0.4679352263454568
100.0,1.5,0.001,150.0,0.9352794902749721
100.0,1.5,0.001,300.0,0.9999999998316996
100.0,1.5,0.01,20.0,4.440892098500626e-16
100.0,1.5,0.01,80.0,0.021282563227190687
100.0,1.5,0.01,100.0,0.4900107662712089
100.0,1.5,0.01,150.0,0.9999996764110707
100.0,1.5,0.01,300.0,1.0
100.0,1.5,0.05,20.0,0.0
100.0,1.5,0.05,80.0,3.652279521704216e-6
100.0,1.5,0.05,100.0,0.49553829421265383
100.0,1.5,0.05,150.0,1.0
100.0,1.5,0.05,300.0,1.0
100.0,1.5,0.25,20.0,0.0
100.0,1.5,0.25,80.0,0.0
100.0,1.5,0.25,100.0,0.49800516389899907
100.0,1.5,0.25,150.0,1.0
100.0,1.5,0.25,300.0,1.0
100.0,1.5,1.0,20.0,0.0
100.0,1.5,1.0,80.0,0.0
100.0,1.5,1.0,100.0,0.49900262871808465
100.0,1.5,1.0,150.0,1.0
100.0,1.5,1.0,300.0,1.0
100.0,2.4,0.001,20.0,0.0012061787699683135
100.0,2.4,0.001,80.0,0.18804215860275464
100.0,2.4,0.001,100.0,0.41089543524619176
100.0,2.4,0.001,150.0,0.9192026963041774
100.0,2.4,0.001,300.0,0.999999999722004
100.0,2.4,0.01,20.0,2.220446049250313e-16
100.0,2.4,0.01,80.0,0.01884224625256492
100.0,2.4,0.01,100.0,0.4720501770449588
100.0,2.4,0.01,150.0,0.9999996116623062
100.0,2.4,0.01,300.0,1.0
100.0,2.4,0.05,20.0,0.0
100.0,2.4,0.05,80.0,3.2863151817608127e-6
100.0,2.4,0.05,100.0,0.48750900583905177
100.0,2.4,0.05,150.0,1.0
100.0,2.4,0.05,300.0,1.0
100.0,2.4,0.25,20.0,0.0
100.0,2.4,0.25,80.0,0.0
100.0,2.4,0.25,100.0,0.4944146181376017
100.0,2.4,0.25,150.0,1.0
100.0,2.4,0.25,300.0,1.0
100.0,2.4,1.0,20.0,0.0
100.0,2.4,1.0,80.0,0.0
100.0,2.4,1.0,100.0,0.4972073802992537
100.0,2.4,1.0,150.0,1.0
100.0,2.4,1.0,300.0,1.0
100.0,3.0,0.001,20.0,0.0005838816581614781
100.0,3.0,0.001,80.0,0.16025632428855752
100.0,3.0,0.001,100.0,0.37384337403203916
100.0,3.0,0.001,150.0,0.9069323724630374
100.0,3.0,0.001,300.0,0.9999999996129904
100.0,3.0,0.01,20.0,1.1102230246251565e-16
100.0,3.0,0.01,80.0,0.01735103529686044
100.0,3.0,0.01,100.0,0.46010577195985514
100.0,3.0,0.01,150.0,0.9999995614623447
100.0,3.0,0.01,300.0,1.0
100.0,3.0,0.05,20.0,0.0
100.0,3.0,0.05,80.0,3.06211711986748e-6
100.0,3.0,0.05,100.0,0.4821587588384748
100.0,3.0,0.05,150.0,1.0
100.0,3.0,0.05,300.0,1.0
100.0,3.0,0.25,20.0,0.0
100.0,3.0,0.25,80.0,0.0
100.0,3.0,0.25,100.0,0.4920211543921804
100.0,3.0,0.25,150.0,1.0
100.0,3.0,0.25,300.0,1.0
100.0,3.0,1.0,20.0,0.0
100.0,3.0,1.0,80.0,0.0
100.0,3.0,1.0,100.0,0.4960105772042027
100.0,3.0,1.0,150.0,1.0
100.0,3.0,1.0,300.0,1.0
100.0,10.0,0.001,20.0,1.7926497175579925e-8
100.0,10.0,0.001,80.0,0.012550187556370829
100.0,10.0,0.001,100.0,0.07572690384881886
100.0,10.0,0.001,150.0,0.6644218814599925
100.0,10.0,0.001,300.0,0.9999999852552174
100.0,10.0,0.01,20.0,0.0
100.0,10.0,0.01,80.0,0.006151677936608868
100.0,10.0,0.01,100.0,0.3260971820630809
100.0,10.0,0.01,150.0,0.9999981920304277
100.0,10.0,0.01,300.0,1.0
100.0,10.0,0.05,20.0,0.0
100.0,10.0,0.05,80.0,1.3214377008186062e-6
100.0,10.0,0.05,100.0,0.42022707589969843
100.0,10.0,0.05,150.0,1.0
100.0,10.0,0.05,300.0,1.0
100.0,10.0,0.25,20.0,0.0
100.0,10.0,0.25,80.0,0.0
100.0,10.0,0.25,100.0,0.4641412276951138
100.0,10.0,0.25,150.0,1.0
100.0,10.0,0.25,300.0,1.0
100.0,10.0,1.0,20.0,0.0
100.0,10.0,1.0,80.0,0.0
100.0,10.0,1.0,100.0,0.482053355713419
100.0,10.0,1.0,150.0,1.0
100.0,10.0,1.0,300.0,1.0
250.0,1.0001,0.001,50.0,1.2697087825586095e-10
250.0,1.0001,0.001,200.0,0.056922339750208883
250.0,1.0001,0.001,250.0,0.4999974700733967
250.0,1.0001,0.001,375.0,0.999961385772828
250.0,1.0001,0.001,750.0,1.0
250.0,1.0001,0.01,50.0,0.0
250.0,1.0001,0.01,200.0,2.866482533558923e-7
250.0,1.0001,0.01,250.0,0.49999920190247105
250.0,1.0001,0.01,375.0,1.0
250.0,1.0001,0.01,750.0,1.0
250.0,1.0001,0.05,50.0,0.0
250.0,1.0001,0.05,200.0,0.0
250.0,1.0001,0.05,250.0,0.4999996431563406
250.0,1.0001,0.05,375.0,1.0
250.0,1.0001,0.05,750.0,1.0
250.0,1.0001,0.25,50.0,0.0
250.0,1.0001,0.25,200.0,0.0
250.0,1.0001,0.25,250.0,0.4999998404259256
250.0,1.0001,0.25,375.0,1.0
250.0,1.0001,0.25,750.0,1.0
250.0,1.0001,1.0,50.0,0.0
250.0,1.0001,1.0,200.0,0.0
250.0,1.0001,1.0,250.0,0.4999999203529637
250.0,1.0001,1.0,375.0,1.0
250.0,1.0001,1.0,750.0,1.0
250.0,1.5,0.001,50.0,8.344669399917848e-11
250.0,1.5,0.001,200.0,0.052988655282073194
250.0,1.5,0.001,250.0,0.48735249498441235
250.0,1.5,0.001,375.0,0.9999570223728914
250.0,1.5,0.001,750.0,1.0
250.0,1.5,0.01,50.0,0.0
250.0,1.5,0.01,200.0,2.7051320106163956e-7
250.0,1.5,0.01,250.0,0.4960095788961876
250.0,1.5,0.01,375.0,1.0
250.0,1.5,0.01,750.0,1.0
250.0,1.5,0.05,50.0,0.0
250.0,1.5,0.05,200.0,0.0
250.0,1.5,0.05,250.0,0.49821578666047905
250.0,1.5,0.05,375.0,1.0
250.0,1.5,0.05,750.0,1.0
250.0,1.5,0.25,50.0,0.0
250.0,1.5,0.25,200.0,0.0
250.0,1.5,0.25,250.0,0.4992021074717121
250.0,1.5,0.25,375.0,1.0
250.0,1.5,0.25,750.0,1.0
250.0,1.5,1.0,50.0,0.0
250.0,1.5,1.0,200.0,0.0
250.0,1.5,1.0,250.0,0.49960105673969823
250.0,1.5,1.0,375.0,1.0
250.0,1.5,1.0,750.0,1.0
250.0,2.4,0.001,50.0,3.869404796574827e-11
250.0,2.4,0.001,200.0,0.046452041822395485
250.0,2.4,0.001,250.0,0.46462769283236904
250.0,2.4,0.001,375.0,0.999947970184696
250.0,2.4,0.001,750.0,1.0
250.0,2.4,0.01,50.0,0.0
250.0,2.4,0.01,200.0,2.4364495865292213e-7
250.0,2.4,0.01,250.0,0.48882809569472196
250.0,2.4,0.01,375.0,1.0
250.0,2.4,0.01,750.0,1.0
250.0,2.4,0.05,50.0,0.0
250.0,2.4,0.05,200.0,0.0
250.0,2.4,0.05,250.0,0.4950043165732829
250.0,2.4,0.05,375.0,1.0
250.0,2.4,0.05,750.0,1.0
250.0,2.4,0.25,50.0,0.0
250.0,2.4,0.25,200.0,0.0
250.0,2.4,0.25,250.0,0.49776591108696366
250.0,2.4,0.25,375.0,1.0
250.0,2.4,0.25,750.0,1.0
250.0,2.4,1.0,50.0,0.0
250.0,2.4,1.0,200.0,0.0
250.0,2.4,1.0,250.0,0.4988829601108572
250.0,2.4,1.0,375.0,1.0
250.0,2.4,1.0,750.0,1.0
250.0,3.0,0.001,50.0,2.29701813125871e-11
250.0,3.0,0.001,200.0,0.042465357589874464
250.0,3.0,0.001,250.0,0.4495373495595967
250.0,3.0,0.001,375.0,0.9999409671345157
250.0,3.0,0.001,750.0,1.0
250.0,3.0,0.01,50.0,0.0
250.0,3.0,0.01,200.0,2.2718279124589458e-7
250.0,3.0,0.01,250.0,0.48404230878394783
250.0,3.0,0.01,375.0,1.0
250.0,3.0,0.01,750.0,1.0
250.0,3.0,0.05,50.0,0.0
250.0,3.0,0.05,200.0,0.0
250.0,3.0,0.05,250.0,0.4928635035353095
250.0,3.0,0.05,375.0,1.0
250.0,3.0,0.05,750.0,1.0
250.0,3.0,0.25,50.0,0.0
250.0,3.0,0.25,200.0,0.0
250.0,3.0,0.25,250.0,0.49680846175548754
250.0,3.0,0.25,375.0,1.0
250.0,3.0,0.25,750.0,1.0
250.0,3.0,1.0,50.0,0.0
250.0,3.0,1.0,200.0,0.0
250.0,3.0,1.0,250.0,0.4984042308624881
250.0,3.0,1.0,375.0,1.0
250.0,3.0,1.0,750.0,1.0
250.0,10.0,0.001,50.0,3.086420008457935e-14
250.0,10.0,0.001,200.0,0.013254535265792455
250.0,10.0,0.001,250.0,0.2841300042547449
250.0,10.0,0.001,375.0,0.9997592606572223
250.0,10.0,0.001,750.0,1.0
250.0,10.0,0.01,50.0,0.0
250.0,10.0,0.01,200.0,9.915637666502164e-8
250.0,10.0,0.01,250.0,0.42855757764502367
250.0,10.0,0.01,375.0,1.0
250.0,10.0,0.01,750.0,1.0
250.0,10.0,0.05,50.0,0.0
250.0,10.0,0.05,200.0,0.0
250.0,10.0,0.05,250.0,0.467918710816715
250.0,10.0,0.05,375.0,1.0
250.0,10.0,0.05,750.0,1.0
250.0,10.0,0.25,50.0,0.0
250.0,10.0,0.25,200.0,0.0
250.0,10.0,0.25,250.0,0.4856410264297317
250.0,10.0,0.25,375.0,1.0
250.0,10.0,0.25,750.0,1.0
250.0,10.0,1.0,50.0,0.0
250.0,10.0,1.0,200.0,0.0
250.0,10.0,1.0,250.0,0.4928194075732355
250.0,10.0,1.0,375.0,1.0
250.0,10.0,1.0,750.0,1.0
1000.0,1.0001,0.001,200.0,0.0
1000.0,1.0001,0.001,800.0,1.2697998208466288e-10
1000.0,1.0001,0.001,1000.0,0.4999993691116775
1000.0,1.0001,0.001,1500.0,1.0
1000.0,1.0001,0.001,3000.0,1.0
1000.0,1.0001,0.01,200.0,0.0
1000.0,1.0001,0.01,800.0,0.0
1000.0,1.0001,0.01,1000.0,0.49999980052990534
1000.0,1.0001,0.01,1500.0,1.0
1000.0,1.0001,0.01,3000.0,1.0
1000.0,1.0001,0.05,200.0,0.0
1000.0,1.0001,0.05,800.0,0.0
1000.0,1.0001,0.05,1000.0,0.49999991073506966
1000.0,1.0001,0.05,1500.0,1.0
1000.0,1.0001,0.05,3000.0,1.0
1000.0,1.0001,0.25,200.0,0.0
1000.0,1.0001,0.25,800.0,0.0
1000.0,1.0001,0.25,1000.0,0.4999999600409213
1000.0,1.0001,0.25,1500.0,1.0
1000.0,1.0001,0.25,3000.0,1.0
1000.0,1.0001,1.0,200.0,0.0
1000.0,1.0001,1.0,800.0,0.0
1000.0,1.0001,1.0,1000.0,0.49999998028159953
1000.0,1.0001,1.0,1500.0,1.0
1000.0,1.0001,1.0,3000.0,1.0
1000.0,1.5,0.001,200.0,0.0
1000.0,1.5,0.001,800.0,1.199257360084971e-10
1000.0,1.5,0.001,1000.0,0.49684559125678796
1000.0,1.5,0.001,1500.0,1.0
1000.0,1.5,0.001,3000.0,1.0
1000.0,1.5,0.01,200.0,0.0
1000.0,1.5,0.01,800.0,0.0
1000.0,1.5,0.01,1000.0,0.49900262871808465
1000.0,1.5,0.01,1500.0,1.0
1000.0,1.5,0.01,3000.0,1.0
1000.0,1.5,0.05,200.0,0.0
1000.0,1.5,0.05,800.0,0.0
1000.0,1.5,0.05,1000.0,0.4995539675818902
1000.0,1.5,0.05,1500.0,1.0
1000.0,1.5,0.05,3000.0,1.0
1000.0,1.5,0.25,200.0,0.0
1000.0,1.5,0.25,800.0,0.0
1000.0,1.5,0.25,1000.0,0.49980052955192455
1000.0,1.5,0.25,1500.0,1.0
1000.0,1.5,0.25,3000.0,1.0
1000.0,1.5,1.0,200.0,0.0
1000.0,1.5,1.0,800.0,0.0
1000.0,1.5,1.0,1000.0,0.4999002588309138
1000.0,1.5,1.0,1500.0,1.0
1000.0,1.5,1.0,3000.0,1.0
1000.0,2.4,0.001,200.0,0.0
1000.0,2.4,0.001,800.0,1.08177911073426e-10
1000.0,2.4,0.001,1000.0,0.49116828514539124
1000.0,2.4,0.001,1500.0,1.0
1000.0,2.4,0.001,3000.0,1.0
1000.0,2.4,0.01,200.0,0.0
1000.0,2.4,0.01,800.0,0.0
1000.0,2.4,0.01,1000.0,0.4972073802992537
1000.0,2.4,0.01,1500.0,1.0
1000.0,2.4,0.01,3000.0,1.0
1000.0,2.4,0.05,200.0,0.0
1000.0,2.4,0.05,800.0,0.0
1000.0,2.4,0.05,1000.0,0.49875111096890157
1000.0,2.4,0.05,1500.0,1.0
1000.0,2.4,0.05,3000.0,1.0
1000.0,2.4,0.25,200.0,0.0
1000.0,2.4,0.25,800.0,0.0
1000.0,2.4,0.25,1000.0,0.4994414807113259
1000.0,2.4,0.25,1500.0,1.0
1000.0,2.4,0.25,3000.0,1.0
1000.0,2.4,1.0,200.0,0.0
1000.0,2.4,1.0,800.0,0.0
1000.0,2.4,1.0,1000.0,0.499720737326552
1000.0,2.4,1.0,1500.0,1.0
1000.0,2.4,1.0,3000.0,1.0
1000.0,3.0,0.001,200.0,0.0
1000.0,3.0,0.001,800.0,1.0097855884794171e-10
1000.0,3.0,0.001,1000.0,0.4873843373898892
1000.0,3.0,0.001,1500.0,1.0
1000.0,3.0,0.001,3000.0,1.0
1000.0,3.0,0.01,200.0,0.0
1000.0,3.0,0.01,800.0,0.0
1000.0,3.0,0.01,1000.0,0.4960105772042027
1000.0,3.0,0.01,1500.0,1.0
1000.0,3.0,0.01,3000.0,1.0
1000.0,3.0,0.05,200.0,0.0
1000.0,3.0,0.05,800.0,0.0
1000.0,3.0,0.05,1000.0,0.4982158758604647
1000.0,3.0,0.05,1500.0,1.0
1000.0,3.0,0.05,3000.0,1.0
1000.0,3.0,0.25,200.0,0.0
1000.0,3.0,0.25,800.0,0.0
1000.0,3.0,0.25,1000.0,0.4992021156862607
1000.0,3.0,0.25,1500.0,1.0
1000.0,3.0,0.25,3000.0,1.0
1000.0,3.0,1.0,200.0,0.0
1000.0,3.0,1.0,800.0,0.0
1000.0,3.0,1.0,1000.0,0.4996010498576502
1000.0,3.0,1.0,1500.0,1.0
1000.0,3.0,1.0,3000.0,1.0
1000.0,10.0,0.001,200.0,0.0
1000.0,10.0,0.001,800.0,4.48492354365726e-11
1000.0,10.0,0.001,1000.0,0.4434112135149292
1000.0,10.0,0.001,1500.0,1.0
1000.0,10.0,0.001,3000.0,1.0
1000.0,10.0,0.01,200.0,0.0
1000.0,10.0,0.01,800.0,0.0
1000.0,10.0,0.01,1000.0,0.482053355713419
1000.0,10.0,0.01,1500.0,1.0
1000.0,10.0,0.01,3000.0,1.0
1000.0,10.0,0.05,200.0,0.0
1000.0,10.0,0.05,800.0,0.0
1000.0,10.0,0.05,1000.0,0.4919719566565556
1000.0,10.0,0.05,1500.0,1.0
1000.0,10.0,0.05,3000.0,1.0
1000.0,10.0,0.25,200.0,0.0
1000.0,10.0,0.25,800.0,0.0
1000.0,10.0,0.25,1000.0,0.49640956594222696
1000.0,10.0,0.25,1500.0,1.0
1000.0,10.0,0.25,3000.0,1.0
1000.0,10.0,1.0,200.0,0.0
1000.0,10.0,1.0,800.0,0.0
1000.0,10.0,1.0,1000.0,0.4982047622828417
1000.0,10.0,1.0,1500.0,1.0
1000.0,10.0,1.0,3000.0,1.0
